variant_id	gene_name	variant_name	civic_variant_types	category	variant_accepted
4170	VHL	 3'UTR alteration (c.*70C>T)	Not provided	Region-Defined	False
5005	HLA-A	*02:01P	Not provided	Genotype/Haplotype	False
5006	HLA-A	*02:02P	Not provided	Genotype/Haplotype	False
5007	HLA-A	*02:03P	Not provided	Genotype/Haplotype	False
5008	HLA-A	*02:06P	Not provided	Genotype/Haplotype	False
5087	TOP1	-122fs	Not provided	Sequence	False
4188	VHL	10kb Deletion	Not provided	Rearrangement	False
785	CHEK2	1100DELC	Frameshift Truncation	Sequence	True
3083	VHL	180fs*22 (c.540delC)	Not provided	Sequence	False
4186	VHL	2kb Deletion	Not provided	Rearrangement	False
823	EPCAM	3' Exon Deletion	Disruptive Inframe Deletion	Rearrangement	True
433	HIF1A	3' UTR Polymorphism	3 Prime UTR Variant;Snp	Region-Defined	True
3102	VHL	3' UTR alteration (c.*1149A>G)	Not provided	Region-Defined	False
2152	VHL	3'UTR alteration (c.*70C>A)	3 Prime UTR Variant	Region-Defined	True
2024	VHL	3'UTR alteration (c.639+10C>G)	3 Prime UTR Variant	Region-Defined	True
4853	NFKBIZ	3-prime UTR mutation	Not provided	Region-Defined	False
2367	VHL	3p26.3-25.3 11Mb del	Not provided	Rearrangement	True
265	TYMS	5' TANDEM REPEAT	5 Prime UTR Variant;Short Tandem Repeat Variation	Other	True
2390	MAP2K1	56_61QKQKVG>R	Not provided	Rearrangement	False
4187	VHL	5kb Deletion	Not provided	Rearrangement	False
5135	NF1	6818A>T	Not provided	Rearrangement	False
2729	TP53	A129	Not provided	Sequence	False
2979	KRAS	A146	Not provided	Sequence	True
3195	VHL	A149fs (c.444dup)	Plus 1 Frameshift Variant;Frameshift Truncation	Other	False
2042	VHL	A149fs (c.445delG)	Frameshift Variant;Minus 1 Frameshift Variant	Sequence	True
2482	VHL	A149fs (c.446delG)	Not provided	Sequence	False
2023	VHL	A149fs (c.449del14-nt)	Not provided	Sequence	True
2962	RUNX1	A28fsX109 (c.83insG)	Not provided	Sequence	False
2442	VHL	A50= (c.150C>G) and Splice Site (c.463-1G>T)	Not provided	Other	False
771	VHL	A56FS (c.164_165insG)	Frameshift Truncation	Sequence	True
793	VHL	A56fs (c.164_165insA)	Frameshift Truncation	Sequence	True
1785	VHL	A56fs (c.166_167insA)	Frameshift Truncation	Sequence	True
2144	VHL	A56fs (c.166dup)	Plus 1 Frameshift Variant	Other	True
1579	EGFR	A767_V769dupASV	Inframe Insertion	Copy Number	True
1307	TP53	ALTERATION	Not provided	Region-Defined	True
2211	BAP1	ALTERNATIVE TRANSCRIPT (ATI)	Not provided	Other	True
3460	AR	AR alternative transcripts	Not provided	Other	False
362	AR	AR-V7	Alternatively Spliced Transcript	Fusion	True
4547	NTRK1	ATRX	Not provided	Other	False
1296	CTNNB1	Activating Mutation	Gain Of Function Variant;Transcript Variant	Gene Function	True
2649	KRAS	Activating Mutation	Not provided	Gene Function	False
2657	ERBB2	Activating Mutation	Gene Variant;Gain Of Function Variant	Gene Function	True
3737	EZH2	Activating Mutation	Not provided	Gene Function	True
4794	FGFR1	Alteration	Not provided	Region-Defined	False
4795	FGFR2	Alteration	Not provided	Region-Defined	False
4967	EGFR	Alteration	Not provided	Region-Defined	False
5163		Alterations	Not provided	Region-Defined	False
839	ALK	Alternative Transcript (ATI)	Not provided	Other	True
3510	BCL2L11	Alternative splicing	Not provided	Other	False
709	BRCA1	Alu insertion	Not provided	Rearrangement	True
5157		Amplification	Not provided	Region-Defined	True
461	PML	B2 DOMAIN MUTATION	Missense Variant	Region-Defined	True
594	CEBPA	BIALLELIC INACTIVATION	Loss Of Function Variant	Other	True
532	PALB2	Biallelic Inactivation	Loss Of Function Variant	Other	True
3170	VHL	C162Wfs*12(c.485dupG)	Not provided	Other	False
2035	VHL	C162fs (c.483del)	Frameshift Truncation;Minus 1 Frameshift Variant	Sequence	True
4108	VHL	C77Sfs*82 (c.230del)	Not provided	Sequence	False
2132	VHL	C77fs (c.228dup)	Not provided	Other	True
3245	VHL	C77fs (c.230del)	Not provided	Sequence	True
3385	CD44	CD44s	Not provided	Expression	False
341	CD44	CD44s Expression	N/A	Expression	True
5178	CD44	CD44v10	Alternatively Spliced Transcript	Other	False
5176	CD44	CD44v3-v10	Alternatively Spliced Transcript	Expression	False
5177	CD44	CD44v5	Alternatively Spliced Transcript	Other	False
3373	CD44	CD44v6	Alternatively Spliced Transcript	Other	True
3387	CD44	CD44v6+/CD44s-	Not provided	Expression	False
5175	CD44	CD44v8-v10	Alternatively Spliced Transcript	Expression	False
3368	CD44	CD44v9	Alternatively Spliced Transcript	Other	False
3474	CEACAM1	CEACAM1-L	Not provided	Other	False
3475	CEACAM1	CEACAM1-S	Not provided	Other	False
4697	RET	CLD1 Mutation	Not provided	Region-Defined	False
1300	TP53	CONSERVED DOMAIN MUT	Not provided	Other	True
821	HLA-C	COPY-NEUTRAL LOSS OF HETEROZYGOSITY	Not provided	Genotype/Haplotype	True
447	FGF13	CYTOPLASMIC EXPRESSION	N/A	Expression	True
1283	CDK2	CYTOPLASMIC EXPRESSION	N/A	Expression	False
360	CDKN1B	CYTOPLASMIC MISLOCALIZATION	N/A	Other	True
3408	TEK	Cis double mutants	Not provided	Other	False
2800	BRAF	Class 2 Mutations	Not provided	Other	False
2801	BRAF	Class 3 Mutations	Not provided	Other	False
191	EGFR	Copy Number Variation	Copy Number Change	Copy Number	True
2446	VHL	D121Mfs*38 (c.361delG)	Frameshift Truncation	Sequence	False
3156	VHL	D126Efs* (c.377_378insG)	Not provided	Sequence	False
1918	VHL	D126FS (c.375_376insC)	Inframe Insertion	Sequence	True
4153	VHL	D143Efs*13 (c.429_438del)	Not provided	Sequence	False
1844	VHL	D143fs (c.430delG)	Not provided	Sequence	True
2734	TP53	D184	Not provided	Sequence	False
2579	IKZF1	D186fs (c.556del)	Minus 1 Frameshift Variant	Sequence	False
4665	NF1	D1976fs	Not provided	Sequence	False
2141	VHL	D197FS (c.589delG)	Frameshift Truncation	Sequence	True
2479	VHL	D197Rfs* (c.588_588dupA)	Not provided	Other	False
2126	VHL	D198fs (c.592_593delCT)	Frameshift Truncation	Sequence	False
4629	RET	D378_G685>E	Not provided	Rearrangement	False
2767	BRAF	D594	Not provided	Sequence	False
746	MLH1	D667FS	Frameshift Truncation	Sequence	True
5107	EGFR	D770_P772dup	Not provided	Copy Number	False
437	FLT3	D835	Protein Altering Variant	Sequence	True
3231	FLT3	D835 & I836	Not provided	Sequence	False
613	FLT3	D835H/Y	Missense Variant	Sequence	True
943	PDGFRA	D842_H845DELDIMH	Not provided	Rearrangement	True
2514	VHL	D92fs (c.275delinsCC)	Not provided	Sequence	False
522	BRAF	DEL 485-490	Inframe Deletion	Sequence	True
954	KIT	DEL 554-558	Inframe Deletion	Sequence	False
647	LRP1B	DELETION	Transcript Ablation	Gene Function	True
1663	BRAF	DELNVTAP	Inframe Deletion	Other	False
242	TP53	DNA Binding Domain Mutation	Dna Binding Site	Region-Defined	True
738	DPYD	DPYD*13 HOMOZYGOSITY	Missense Variant	Genotype/Haplotype	True
737	DPYD	DPYD*2A HOMOZYGOSITY	Splice Donor Variant	Genotype/Haplotype	True
3509	AIMP2	DX2	Not provided	Sequence	False
334	VEGFA	Decreased Peri-therapeutic Expression	N/A	Expression	True
221	TP53	Deleterious Mutation	N/A	Region-Defined	True
200	IKZF1	Deletion	Transcript Ablation	Gene Function	True
213	PTEN	Deletion	Transcript Ablation	Gene Function	True
250	GSTP1	Deletion	Transcript Ablation	Gene Function	True
646	SMAD4	Deletion	Transcript Ablation	Gene Function	True
696	SMARCB1	Deletion	Transcript Ablation	Gene Function	True
856	CREBBP	Deletion	Not provided	Gene Function	False
1982	SUFU	Deletion	Not provided	Gene Function	False
1983	PTCH1	Deletion	Not provided	Gene Function	False
2654	CDKN2A	Deletion	Not provided	Gene Function	True
2932	VHL	Deletion	Not provided	Gene Function	True
3309	ATRX	Deletion	Deletion	Gene Function	True
4314	CDKN2B	Deletion	Not provided	Gene Function	False
4316	PAX5	Deletion	Not provided	Gene Function	False
4317	ERG	Deletion	Not provided	Gene Function	False
4479	BRCA2	Deletion	Not provided	Gene Function	False
4480	TP53	Deletion	Not provided	Gene Function	False
4585	MTAP	Deletion	Not provided	Gene Function	True
526	BCL2L11	Deletion Polymorphism	Polymorphic Sequence Variant	Region-Defined	True
3009	ABL1	Double Ph	Not provided	Rearrangement	True
725	MLH1	E13fs	Frameshift Truncation;Minus 1 Frameshift Variant	Sequence	True
2098	VHL	E160fs (c.477del)	Frameshift Truncation;Minus 1 Frameshift Variant	Sequence	True
1919	VHL	E160fs (c.479_480delAG)	Frameshift Truncation;Minus 2 Frameshift Variant	Sequence	True
2527	VHL	E160fs (c.480delG)	Frameshift Truncation	Sequence	False
4155	VHL	E173Rfs*29 (c.516del)	Not provided	Sequence	False
1869	VHL	E189fs (c.565del)	Minus 1 Frameshift Variant;Frameshift Truncation	Sequence	True
2730	TP53	E204	Not provided	Sequence	False
763	MSH2	E28FS	Frameshift Elongation	Sequence	True
764	VHL	E55FS (c.163_164delGA)	Frameshift Truncation	Sequence	True
4077	VHL	E55Gfs*77 (c.163dup)	Not provided	Other	False
766	VHL	E55RfsTer11 (c.163delG)	Frameshift Truncation	Sequence	True
2301	VHL	E55fs (c.162delG)	Not provided	Sequence	False
3744	VHL	E55fs (c.163delG)	Not provided	Sequence	True
3654	VHL	E55fs (c.163dupG)	Not provided	Other	False
3328	FLT3	E573Δ	Not provided	Other	False
1544	FLT3	E611_F612INS25	Not provided	Sequence	False
1577	EGFR	E709_T710>D	Inframe Insertion	Rearrangement	False
3036	VHL	E70Dfs(c.210delG)	Not provided	Sequence	False
2304	VHL	E70fs (c.209_210delAG)	Not provided	Sequence	False
1635	EGFR	E746_A750>IP	Not provided	Rearrangement	False
1433	EGFR	E746_S752>A	Not provided	Rearrangement	False
1003	EGFR	E746_T751>I	Not provided	Rearrangement	True
2127	VHL	E94FS (c.279delC)	Frameshift Truncation	Sequence	True
3484	FN1	EDB	Not provided	Other	False
1516	EGFR	EGFRVIII	Not provided	Gene Function	True
2670	EPHB2	EPHB2	Not provided	Sequence	False
2472	VHL	EXON 1-2 DELETION and BRK1 DELETION	Not provided	Rearrangement	False
303	STK11	EXON 1-2 MUTATION	Exon Variant	Rearrangement	True
86	NPM1	EXON 11 MUTATION	Exon Variant	Rearrangement	True
2893	DPYD	EXON 11-19 DELETION	Inframe Deletion	Rearrangement	True
557	ASXL1	EXON 12 MUTATION	Exon Variant	Rearrangement	True
266	LRP1B	EXON 12-22 DELETION	Exon Loss Variant	Rearrangement	True
74	KRAS	EXON 2 Mutations	Not provided	Rearrangement	False
1940	VHL	EXON 2-3 DELETION	Not provided	Rearrangement	True
559	CALR	EXON 9 FRAMESHIFT	Exon Variant	Other	True
25	CDK4	EXPRESSION	N/A	Expression	True
57	GATA2	EXPRESSION	N/A	Expression	True
158	AURKA	EXPRESSION	N/A	Expression	True
182	BAP1	EXPRESSION	N/A	Expression	True
278	AKT2	EXPRESSION	N/A	Expression	True
316	TGFA	EXPRESSION	N/A	Expression	True
318	EREG	EXPRESSION	N/A	Expression	True
326	CBLC	EXPRESSION	N/A	Expression	True
328	DEFA1	EXPRESSION	N/A	Expression	True
335	DNMT1	EXPRESSION	N/A	Expression	True
337	PDCD4	EXPRESSION	N/A	Expression	True
339	TFF3	EXPRESSION	N/A	Expression	True
342	EGF	EXPRESSION	N/A	Expression	True
343	MDM2	EXPRESSION	N/A	Expression	True
344	HMOX1	EXPRESSION	N/A	Expression	True
355	CDKN1A	EXPRESSION	N/A	Expression	True
356	ALCAM	EXPRESSION	N/A	Expression	True
357	STMN1	EXPRESSION	N/A	Expression	True
361	ERBB3	EXPRESSION	N/A	Expression	True
363	UGT1A	EXPRESSION	N/A	Expression	True
365	ERBB4	EXPRESSION	N/A	Expression	True
366	SLFN11	EXPRESSION	N/A	Expression	True
372	CDKN1B	EXPRESSION	N/A	Expression	True
373	AGR2	EXPRESSION	N/A	Expression	True
380	IGF1R	EXPRESSION	N/A	Expression	True
381	EPHB4	EXPRESSION	N/A	Expression	True
383	TOP2A	EXPRESSION	N/A	Expression	True
384	TOP1	EXPRESSION	N/A	Expression	True
386	HSPA5	EXPRESSION	N/A	Expression	True
389	TUBB3	EXPRESSION	N/A	Expression	True
392	CFLAR	EXPRESSION	N/A	Expression	True
393	PROM1	EXPRESSION	N/A	Expression	True
394	FOXP3	EXPRESSION	N/A	Expression	True
398	DUSP6	EXPRESSION	N/A	Expression	True
400	HSPB1	EXPRESSION	N/A	Expression	True
401	NQO1	EXPRESSION	N/A	Expression	True
405	CXCR4	EXPRESSION	N/A	Expression	True
406	MAGEH1	EXPRESSION	N/A	Expression	True
410	CDX2	EXPRESSION	N/A	Expression	True
412	POU5F1	EXPRESSION	N/A	Expression	True
423	HLA-DRA	EXPRESSION	N/A	Expression	True
429	KIT	EXPRESSION	N/A	Expression	True
444	NEDD9	EXPRESSION	N/A	Expression	True
474	CIP2A	EXPRESSION	N/A	Expression	True
476	MIR218-1	EXPRESSION	N/A	Expression	True
492	ECSCR	EXPRESSION	N/A	Expression	True
493	ROBO4	EXPRESSION	N/A	Expression	True
537	RB1	EXPRESSION	N/A	Expression	True
546	ACTA1	EXPRESSION	N/A	Expression	True
624	MKI67	EXPRESSION	N/A	Expression	True
625	RAD23B	EXPRESSION	N/A	Expression	True
651	AXL	EXPRESSION	N/A	Expression	True
652	GAS6	EXPRESSION	N/A	Expression	True
660	HIF1A	EXPRESSION	N/A	Expression	True
662	MLH1	EXPRESSION	N/A	Expression	True
670	MYCL	EXPRESSION	N/A	Expression	True
671	HGF	EXPRESSION	N/A	Expression	True
673	FGF2	EXPRESSION	N/A	Expression	True
700	KIF23	EXPRESSION	N/A	Expression	True
857	NTRK3	EXPRESSION	N/A	Expression	False
1258	PTPRF	EXPRESSION	N/A	Expression	False
1262	MDM4	EXPRESSION	Not provided	Expression	False
1284	DCC	EXPRESSION	Not provided	Expression	True
2163	CTLA4	EXPRESSION	N/A	Expression	False
2207	PDCD1LG2	EXPRESSION	Not provided	Expression	False
2208	LAG3	EXPRESSION	Not provided	Expression	False
2594	ASCL1	EXPRESSION	Not provided	Expression	False
2984	CXCL10	EXPRESSION	Not provided	Expression	False
3042	CDK6	EXPRESSION	Not provided	Expression	True
3330	TCF19	EXPRESSION	Not provided	Expression	False
2870	VHL	Exon 1 (Frameshift)	Not provided	Other	False
844	VHL	Exon 1 Deletion	Exon Loss Variant	Rearrangement	True
2465	VHL	Exon 1 del (151nt)	Not provided	Rearrangement	False
845	VHL	Exon 1-2 Deletion	Exon Loss Variant	Rearrangement	True
843	VHL	Exon 1-3 Deletion	Exon Loss Variant	Rearrangement	True
4169	VHL	Exon 1-3 Deletion and Splice Region (c.340+5G>C)	Not provided	Other	False
106	PIK3CA	Exon 10 Mutation	Exon Variant	Rearrangement	True
66	KIT	Exon 11 Mutation	Coding Sequence Variant	Rearrangement	True
2643	KIT	Exon 13 Mutation	Not provided	Rearrangement	True
69	KIT	Exon 14 Mutation	Exon Variant	Rearrangement	True
2778	MET	Exon 14 Mutation	Not provided	Rearrangement	False
324	MET	Exon 14 Skipping Mutation	Exon Loss Variant	Rearrangement	True
2650	BRAF	Exon 15 Mutation	Not provided	Rearrangement	True
2623	PDGFRA	Exon 18 Mutation	Not provided	Rearrangement	True
375	EGFR	Exon 18 Overexpression	Exon Variant	Other	True
2257	EGFR	Exon 18 deletion	Not provided	Rearrangement	False
133	EGFR	Exon 19 Deletion	Inframe Deletion	Rearrangement	True
1938	VHL	Exon 2 Deletion	Not provided	Rearrangement	True
75	KRAS	Exon 2 Mutation	Missense Variant	Rearrangement	True
5171	ALK	Exon 2-18 Deletion	Not provided	Rearrangement	True
1971	VHL	Exon 2-3 Deletion	Not provided	Rearrangement	False
726	EGFR	Exon 20 Insertion	Inframe Insertion	Rearrangement	True
2854	ERBB2	Exon 20 Insertion	Not provided	Rearrangement	True
105	PIK3CA	Exon 21 Mutation	Exon Variant	Rearrangement	True
1939	VHL	Exon 3 Deletion	Not provided	Rearrangement	True
2047	CTNNB1	Exon 3 Deletion	Not provided	Rearrangement	False
2892	CTNNB1	Exon 3 Mutation	Not provided	Rearrangement	True
3749	VHL	Exon 3 Variant	Not provided	Rearrangement	False
4250	VHL	Exon 3 deletion (c.464-11 T>A)	Not provided	Rearrangement	False
252	EGFR	Exon 4 Deletion	Exon Loss Variant	Rearrangement	True
350	SETBP1	Exon 4 Mutation	Exon Variant	Rearrangement	True
550	ALK	Exon 4-11 Deletion	Inframe Deletion	Rearrangement	True
129	WT1	Exon 7 Mutation	Exon Variant	Rearrangement	True
130	WT1	Exon 9 Mutation	Exon Variant	Rearrangement	True
509	KIT	Exon 9 Mutation	Exon Variant	Rearrangement	True
3100	VHL	Exon Deletion	Not provided	Rearrangement	False
19	CCND1	Expression	N/A	Expression	True
210	PGR	Expression	N/A	Expression	True
268	FGFR1	Expression	N/A	Expression	True
276	CD274	Expression	N/A	Expression	True
313	PTEN	Expression	N/A	Expression	True
314	NRG1	Expression	N/A	Expression	True
315	AREG	Expression	N/A	Expression	True
329	ERCC1	Expression	N/A	Expression	True
354	EGFR	Expression	N/A	Expression	True
376	ZEB1	Expression	N/A	Expression	True
397	BRCA1	Expression	N/A	Expression	True
533	SMAD4	Expression	N/A	Expression	True
683	PAX8	Expression	N/A	Expression	True
2209	DLL3	Expression	Not provided	Expression	False
2595	HDAC2	Expression	Not provided	Expression	False
2914	ALK	Expression	Not provided	Expression	False
2966	MGMT	Expression	N/A	Expression	False
2993	CDK5	Expression	Not provided	Expression	False
3014	CSF1R	Expression	Not provided	Expression	False
3319	BTK	Expression	Not provided	Expression	False
3320	BLK	Expression	Not provided	Expression	False
3992	STAT1	Expression	Not provided	Expression	False
4336	FLT3LG	Expression	Not provided	Expression	False
4422	TBXT	Expression	Not provided	Expression	False
4879	S100B	Expression	Not provided	Expression	False
5009	MAGEA4	Expression	Not provided	Expression	False
5108	ATP7B	Expression	Not provided	Expression	False
1945	VHL	F119fs (c.354_355del)	Frameshift Truncation;Minus 2 Frameshift Variant	Sequence	False
3363	VHL	F136LFS*23 (c.408del)	Not provided	Sequence	False
2558	VHL	F137fs (c.408insT)	Not provided	Sequence	False
3129	VHL	F148Lfs*11 (c.444del)	Not provided	Sequence	False
2621	KIT	F506_F508DUP	Not provided	Copy Number	True
2158	VHL	F76fs (c.222_225dup)	Plus 1 Frameshift Variant	Other	False
1912	VHL	F76fs (c.223_224insT)	Frameshift Truncation	Sequence	True
3632	VHL	F76fs (c.224_225insA)	Not provided	Sequence	False
667	MEN1	FRAMESHIFT TRUNCATION	Frameshift Truncation	Sequence	True
428	MRE11	Frameshift	Frameshift Variant	Sequence	True
2812	MBD4	Frameshift	Not provided	Sequence	False
124	TSC1	Frameshift Truncation	Frameshift Truncation	Sequence	True
1		Fusion	Transcript Fusion	Fusion	True
5		Fusion	Transcript Fusion	Fusion	True
30		Fusion	Transcript Fusion	Fusion	True
31		Fusion	Transcript Fusion	Fusion	True
52		Fusion	Transcript Fusion	Fusion	True
53		Fusion	Transcript Fusion	Fusion	True
54		Fusion	Transcript Fusion	Fusion	True
108		Fusion	Transcript Fusion	Fusion	True
184		Fusion	Transcript Fusion	Fusion	True
195		Fusion	Transcript Fusion	Fusion	True
209		Fusion	Transcript Fusion	Fusion	True
273		Fusion	Transcript Fusion	Fusion	True
285		Fusion	Transcript Fusion	Fusion	True
286		Fusion	Transcript Fusion	Fusion	True
287		Fusion	Transcript Fusion	Fusion	True
419		Fusion	Transcript Fusion	Fusion	True
431		Fusion	Transcript Fusion	Fusion	True
432		Fusion	Transcript Fusion	Fusion	False
448		Fusion	Transcript Fusion	Fusion	True
449		Fusion	Transcript Fusion	Fusion	True
450		Fusion	Transcript Fusion	Fusion	True
499		Fusion	Transcript Fusion	Fusion	True
513		Fusion	Transcript Fusion	Fusion	True
514		Fusion	Transcript Fusion	Fusion	True
520		Fusion	Transcript Fusion	Fusion	True
524		Fusion	Transcript Fusion	Fusion	True
535		Fusion	Transcript Fusion	Fusion	True
567		Fusion	Transcript Fusion	Fusion	True
568		Fusion	Transcript Fusion	Fusion	True
569		Fusion	Transcript Fusion	Fusion	True
571		Fusion	Transcript Fusion	Fusion	True
574		Fusion	Transcript Fusion	Fusion	True
576		Fusion	Transcript Fusion	Fusion	True
599		Fusion	Transcript Fusion	Fusion	True
617		Fusion	Transcript Fusion	Fusion	True
618		Fusion	Transcript Fusion	Fusion	True
626		Fusion	Transcript Fusion	Fusion	True
656		Fusion	Transcript Fusion	Fusion	True
657		Fusion	Transcript Fusion	Fusion	True
706		Fusion	Transcript Fusion	Fusion	True
717		Fusion	Transcript Fusion	Fusion	True
722		Fusion	Transcript Fusion	Fusion	True
739		Fusion	Transcript Fusion;Stop Gained;Frameshift Truncation	Fusion	True
742		Fusion	Transcript Fusion	Fusion	True
774		Fusion	Transcript Fusion	Fusion	True
780		Fusion	Transcript Fusion	Fusion	True
782		Fusion	Transcript Fusion	Fusion	True
783		Fusion	Transcript Fusion	Fusion	True
800		Fusion	Transcript Fusion	Fusion	True
801		Fusion	Transcript Fusion	Fusion	True
830		Fusion	Transcript Fusion	Fusion	True
1277		Fusion	Transcript Fusion	Fusion	True
1278		Fusion	Transcript Fusion	Fusion	True
1687		Fusion	Transcript Fusion	Fusion	True
1691		Fusion	Transcript Fusion	Fusion	False
2166		Fusion	Transcript Fusion	Fusion	True
2178		Fusion	Transcript Fusion	Fusion	True
2179		Fusion	Transcript Fusion	Fusion	True
2202		Fusion	Transcript Fusion	Fusion	True
2203		Fusion	Transcript Fusion	Fusion	True
2210		Fusion	Transcript Fusion	Fusion	False
2218		Fusion	Transcript Fusion	Fusion	True
2227		Fusion	Transcript Fusion	Fusion	True
2229		Fusion	Transcript Fusion	Fusion	True
2286		Fusion	Transcript Fusion	Fusion	True
2287		Fusion	Transcript Fusion	Fusion	True
2289		Fusion	Transcript Fusion	Fusion	True
2350		Fusion	Transcript Fusion	Fusion	False
2385		Fusion	Transcript Fusion	Fusion	False
2393		Fusion	Transcript Fusion	Fusion	True
2394		Fusion	Transcript Fusion	Fusion	True
2395		Fusion	Transcript Fusion	Fusion	True
2396		Fusion	Transcript Fusion	Fusion	True
2566		Fusion	Transcript Fusion	Fusion	False
2571		Fusion	Transcript Fusion	Fusion	False
2572		Fusion	Transcript Fusion	Fusion	True
2575		Fusion	Transcript Fusion	Fusion	True
2577		Fusion	Transcript Fusion	Fusion	True
2581		Fusion	Transcript Fusion	Fusion	True
2582		Fusion	Transcript Fusion	Fusion	True
2583		Fusion	Transcript Fusion	Fusion	True
2593		Fusion	Transcript Fusion	Fusion	True
2630		Fusion	Transcript Fusion	Fusion	True
2632		Fusion	Transcript Fusion	Fusion	False
2639		Fusion	Transcript Fusion	Fusion	True
2640		Fusion	Transcript Fusion	Fusion	True
2656		Fusion	Transcript Fusion	Fusion	False
2660		Fusion	Transcript Fusion	Fusion	True
2661		Fusion	Transcript Fusion	Fusion	True
2663		Fusion	Transcript Fusion	Fusion	True
2665		Fusion	Transcript Fusion	Fusion	False
2678		Fusion	Transcript Fusion	Fusion	True
2681		Fusion	Transcript Fusion	Fusion	True
2682		Fusion	Transcript Fusion	Fusion	True
2683		Fusion	Transcript Fusion	Fusion	False
2684		Fusion	Transcript Fusion	Fusion	False
2685		Fusion	Transcript Fusion	Fusion	False
2686		Fusion	Transcript Fusion	Fusion	False
2693		Fusion	Transcript Fusion	Fusion	True
2706		Fusion	Transcript Fusion	Fusion	False
2707		Fusion	Transcript Fusion	Fusion	False
2743		Fusion	Transcript Fusion	Fusion	True
2750		Fusion	Transcript Fusion	Fusion	False
2769		Fusion	Transcript Fusion	Fusion	True
2770		Fusion	Transcript Fusion	Fusion	True
2771		Fusion	Transcript Fusion	Fusion	False
2772		Fusion	Transcript Fusion	Fusion	True
2779		Fusion	Transcript Fusion	Fusion	False
2806		Fusion	Transcript Fusion	Fusion	True
2830		Fusion	Transcript Fusion	Fusion	False
2846		Fusion	Transcript Fusion	Fusion	True
2847		Fusion	Transcript Fusion	Fusion	True
2848		Fusion	Transcript Fusion	Fusion	True
2849		Fusion	Transcript Fusion	Fusion	True
2850		Fusion	Transcript Fusion	Fusion	True
2859		Fusion	Transcript Fusion	Fusion	True
2860		Fusion	Transcript Fusion	Fusion	True
2861		Fusion	Transcript Fusion	Fusion	True
2862		Fusion	Transcript Fusion	Fusion	True
2863		Fusion	Transcript Fusion	Fusion	True
2864		Fusion	Transcript Fusion	Fusion	True
2865		Fusion	Transcript Fusion	Fusion	True
2883		Fusion	Transcript Fusion	Fusion	True
2894		Fusion	Transcript Fusion	Fusion	True
2941		Fusion	Transcript Fusion	Fusion	True
2968		Fusion	Transcript Fusion	Fusion	True
2969		Fusion	Transcript Fusion	Fusion	True
2971		Fusion	Transcript Fusion	Fusion	True
2972		Fusion	Transcript Fusion	Fusion	True
2974		Fusion	Transcript Fusion	Fusion	True
2975		Fusion	Transcript Fusion	Fusion	True
2976		Fusion	Transcript Fusion	Fusion	True
2977		Fusion	Transcript Fusion	Fusion	True
2987		Fusion	Transcript Fusion	Fusion	False
2992		Fusion	Transcript Fusion	Fusion	True
3054		Fusion	Transcript Fusion	Fusion	False
3111		Fusion	Transcript Fusion	Fusion	False
3116		Fusion	Transcript Fusion	Fusion	True
3126		Fusion	Transcript Fusion	Fusion	True
3128		Fusion	Transcript Fusion	Fusion	False
3140		Fusion	Transcript Fusion	Fusion	True
3158		Fusion	Transcript Fusion	Fusion	True
3207		Fusion	Transcript Fusion	Fusion	False
3214		Fusion	Transcript Fusion	Fusion	True
3251		Fusion	Transcript Fusion	Fusion	True
3252		Fusion	Transcript Fusion	Fusion	True
3268		Fusion	Transcript Fusion	Fusion	True
3269		Fusion	Transcript Fusion	Fusion	True
3270		Fusion	Transcript Fusion	Fusion	True
3271		Fusion	Transcript Fusion	Fusion	True
3272		Fusion	Transcript Fusion	Fusion	True
3287		Fusion	Transcript Fusion	Fusion	True
3312		Fusion	Transcript Fusion	Fusion	False
3359		Fusion	Transcript Fusion	Fusion	True
3465		Fusion	Transcript Fusion	Fusion	True
3517		Fusion	Transcript Fusion	Fusion	False
3525		Fusion	Transcript Fusion	Fusion	False
3526		Fusion	Transcript Fusion	Fusion	True
3550		Fusion	Transcript Fusion	Fusion	False
3551		Fusion	Transcript Fusion	Fusion	False
3552		Fusion	Transcript Fusion	Fusion	False
3566		Fusion	Transcript Fusion	Fusion	False
3578		Fusion	Transcript Fusion	Fusion	False
3622		Fusion	Transcript Fusion	Fusion	True
3700		Fusion	Transcript Fusion	Fusion	True
3701		Fusion	Transcript Fusion	Fusion	True
3702		Fusion	Transcript Fusion	Fusion	True
3730		Fusion	Transcript Fusion	Fusion	True
3742		Fusion	Transcript Fusion	Fusion	False
3954		Fusion	Transcript Fusion	Fusion	True
3957		Fusion	Transcript Fusion	Fusion	False
3986		Fusion	Transcript Fusion	Fusion	False
3987		Fusion	Transcript Fusion	Fusion	False
3988		Fusion	Transcript Fusion	Fusion	False
4000		Fusion	Transcript Fusion	Fusion	True
4001		Fusion	Transcript Fusion	Fusion	True
4241		Fusion	Transcript Fusion	Fusion	True
4242		Fusion	Transcript Fusion	Fusion	False
4251		Fusion	Transcript Fusion	Fusion	False
4252		Fusion	Transcript Fusion	Fusion	True
4253		Fusion	Transcript Fusion	Fusion	True
4282		Fusion	Transcript Fusion	Fusion	True
4283		Fusion	Transcript Fusion	Fusion	False
4286		Fusion	Transcript Fusion	Fusion	False
4294		Fusion	Transcript Fusion	Fusion	False
4299		Fusion	Transcript Fusion	Fusion	True
4300		Fusion	Transcript Fusion	Fusion	True
4308		Fusion	Transcript Fusion	Fusion	False
4309		Fusion	Transcript Fusion	Fusion	False
4327		Fusion	Transcript Fusion	Fusion	True
4337		Fusion	Transcript Fusion	Fusion	True
4343		Fusion	Transcript Fusion	Fusion	False
4344		Fusion	Transcript Fusion	Fusion	False
4405		Fusion	Transcript Fusion	Fusion	True
4417		Fusion	Transcript Fusion	Fusion	False
4418		Fusion	Transcript Fusion	Fusion	False
4447		Fusion	Transcript Fusion	Fusion	False
4468		Fusion	Transcript Fusion	Fusion	False
4469		Fusion	Transcript Fusion	Fusion	False
4495		Fusion	Transcript Fusion	Fusion	False
4496		Fusion	Transcript Fusion	Fusion	True
4497		Fusion	Transcript Fusion	Fusion	True
4498		Fusion	Transcript Fusion	Fusion	True
4499		Fusion	Transcript Fusion	Fusion	True
4528		Fusion	Transcript Fusion	Fusion	True
4532		Fusion	Transcript Fusion	Fusion	True
4533		Fusion	Transcript Fusion	Fusion	True
4534		Fusion	Transcript Fusion	Fusion	True
4535		Fusion	Transcript Fusion	Fusion	True
4536		Fusion	Transcript Fusion	Fusion	True
4537		Fusion	Transcript Fusion	Fusion	False
4553		Fusion	Transcript Fusion	Fusion	False
4577		Fusion	Transcript Fusion	Fusion	True
4586		Fusion	Transcript Fusion	Fusion	False
4587		Fusion	Transcript Fusion	Fusion	False
4593		Fusion	Transcript Fusion	Fusion	False
4594		Fusion	Transcript Fusion	Fusion	False
4600		Fusion	Transcript Fusion	Fusion	True
4601		Fusion	Transcript Fusion	Fusion	False
4602		Fusion	Transcript Fusion	Fusion	True
4603		Fusion	Transcript Fusion	Fusion	False
4604		Fusion	Transcript Fusion	Fusion	False
4612		Fusion	Transcript Fusion	Fusion	True
4613		Fusion	Transcript Fusion	Fusion	False
4614		Fusion	Transcript Fusion	Fusion	False
4615		Fusion	Transcript Fusion	Fusion	False
4616		Fusion	Transcript Fusion	Fusion	False
4617		Fusion	Transcript Fusion	Fusion	False
4619		Fusion	Transcript Fusion	Fusion	False
4621		Fusion	Transcript Fusion	Fusion	False
4622		Fusion	Transcript Fusion	Fusion	False
4623		Fusion	Transcript Fusion	Fusion	False
4624		Fusion	Transcript Fusion	Fusion	False
4625		Fusion	Transcript Fusion	Fusion	False
4626		Fusion	Transcript Fusion	Fusion	True
4628		Fusion	Transcript Fusion	Fusion	True
4646		Fusion	Transcript Fusion	Fusion	True
4690		Fusion	Transcript Fusion	Fusion	True
4712		Fusion	Transcript Fusion	Fusion	False
4722		Fusion	Transcript Fusion	Fusion	False
4745		Fusion	Transcript Fusion	Fusion	False
4778		Fusion	Transcript Fusion	Fusion	False
4779		Fusion	Transcript Fusion	Fusion	False
4796		Fusion	Transcript Fusion	Fusion	True
4797		Fusion	Transcript Fusion	Fusion	True
4798		Fusion	Transcript Fusion	Fusion	True
4908		Fusion	Transcript Fusion	Fusion	True
4941		Fusion	Transcript Fusion	Fusion	True
4972		Fusion	Transcript Fusion	Fusion	True
4973		Fusion	Transcript Fusion	Fusion	True
4974		Fusion	Transcript Fusion	Fusion	True
4975		Fusion	Transcript Fusion	Fusion	True
4994		Fusion	Transcript Fusion	Fusion	False
4995		Fusion	Transcript Fusion	Fusion	True
4999		Fusion	Transcript Fusion	Fusion	True
5010		Fusion	Transcript Fusion	Fusion	False
5011		Fusion	Transcript Fusion	Fusion	False
5012		Fusion	Transcript Fusion	Fusion	True
5013		Fusion	Transcript Fusion	Fusion	True
5018		Fusion	Transcript Fusion	Fusion	False
5019		Fusion	Transcript Fusion	Fusion	False
5028		Fusion	Transcript Fusion	Fusion	False
5029		Fusion	Transcript Fusion	Fusion	True
5030		Fusion	Transcript Fusion	Fusion	True
5032		Fusion	Transcript Fusion	Fusion	False
5033		Fusion	Transcript Fusion	Fusion	False
5034		Fusion	Transcript Fusion	Fusion	False
5035		Fusion	Transcript Fusion	Fusion	True
5042		Fusion	Transcript Fusion	Fusion	True
5045		Fusion	Transcript Fusion	Fusion	False
5046		Fusion	Transcript Fusion	Fusion	True
5047		Fusion	Transcript Fusion	Fusion	True
5048		Fusion	Transcript Fusion	Fusion	True
5051		Fusion	Transcript Fusion	Fusion	False
5055		Fusion	Transcript Fusion	Fusion	True
5058		Fusion	Transcript Fusion	Fusion	False
5075		Fusion	Transcript Fusion	Fusion	False
5076		Fusion	Transcript Fusion	Fusion	False
5079		Fusion	Transcript Fusion	Fusion	True
5083		Fusion	Transcript Fusion	Fusion	True
5084		Fusion	Transcript Fusion	Fusion	True
5106		Fusion	Transcript Fusion	Fusion	False
5113		Fusion	Transcript Fusion	Fusion	True
5114		Fusion	Transcript Fusion	Fusion	True
5115		Fusion	Transcript Fusion	Fusion	True
5138		Fusion	Transcript Fusion	Fusion	False
5139		Fusion	Transcript Fusion	Fusion	False
5140		Fusion	Transcript Fusion	Fusion	False
5142		Fusion	Transcript Fusion	Fusion	False
5145		Fusion	Transcript Fusion	Fusion	True
5148		Fusion	Transcript Fusion	Fusion	True
5154		Fusion	Transcript Fusion	Fusion	False
5165		Fusion	Not provided	Fusion	False
5167		Fusion	Not provided	Fusion	True
5170		Fusion	Not provided	Fusion	False
5179		Fusion	Not provided	Fusion	False
5187		Fusion	Not provided	Fusion	True
3637	VHL	G104FS (c.309_310delTG)	Not provided	Sequence	False
2252	VHL	G104fs (c.309delT)	Not provided	Sequence	False
2266	VHL	G104fs (c.310delG)	Not provided	Sequence	False
2551	VHL	G104fs*158 (c.311delC)	Not provided	Sequence	False
3085	VHL	G104fs*23 (c.309_322del14)	Not provided	Sequence	False
4084	VHL	G106Tfs*54 (c.315_316insAC)	Not provided	Sequence	False
2073	VHL	G106fs (c.316insA)	Not provided	Sequence	False
2455	VHL	G114Vfs*45 (c.339delA)	Not provided	Sequence	True
2129	VHL	G114dup (c.342dupGGT)	Not provided	Copy Number	True
2153	VHL	G114fs (c.326_339dupTCCACAGCTACCGA)	Not provided	Other	False
76	KRAS	G12	Protein Altering Variant	Sequence	True
92	NRAS	G12	Missense Variant	Sequence	True
77	KRAS	G12/G13	Protein Altering Variant	Sequence	True
596	NRAS	G12/G13	Protein Altering Variant	Sequence	True
2135	VHL	G123fs (c.369_375delGACACAC)	Frameshift Variant	Sequence	True
2555	VHL	G127fs (c.381delG)	Frameshift Truncation	Sequence	False
80	KRAS	G13	Missense Variant;Inframe Insertion	Sequence	True
4172	VHL	G144Dfs*15 (c.431del)	Not provided	Sequence	False
4211	VHL	G144R (c.430G>A) and c.340+694_340+711dup	Not provided	Copy Number	False
2319	VHL	G144fs (c.429_430insGGAC)	Not provided	Sequence	False
3247	VHL	G144fs (c.429_439del)	Frameshift Truncation;Minus 2 Frameshift Variant	Sequence	True
2320	VHL	G144fs (c.430_433delGGAC)	Not provided	Sequence	False
2560	VHL	G144fs (c.431del)	Frameshift Truncation	Sequence	False
1949	VHL	G144fs (c.432insG)	Not provided	Sequence	True
2721	TP53	G245	Not provided	Sequence	False
2724	TP53	G266	Not provided	Sequence	False
3736	VHL	G30Dfs*32 (c.89_297del)	Not provided	Sequence	False
2961	RUNX1	G336fs563X (c.1007_1013del)	Not provided	Sequence	False
3587	H3-3A	G34	Not provided	Sequence	False
3046	VHL	G34Rfs(c.99_100insA)	Not provided	Sequence	False
1737	VHL	G39fs (c.114del)	Minus 1 Frameshift Variant;Frameshift Truncation	Sequence	False
2822	BRAF	G469	Not provided	Sequence	True
2768	BRAF	G596	Not provided	Sequence	False
730	MLH1	G606FS*2	Frameshift Truncation	Sequence	True
718	EGFR	G719	Protein Altering Variant	Sequence	True
1557	ERBB2	G776INSV_G/C	Inframe Insertion	Sequence	False
4488	ERBB2	G776_V777>VCV	Not provided	Rearrangement	False
4487	ERBB2	G778-779 insCPG	Not provided	Sequence	False
4486	ERBB2	G778_P780dup	Not provided	Copy Number	True
3033	RET	G810	Not provided	Sequence	False
1812	VHL	G93fs (c.278delG)	Frameshift Variant	Sequence	False
3305	TNFRSF17	Gain	Not provided	Copy Number	False
4424	TBXT	Gain	Not provided	Copy Number	False
2061	ACVR1	Gain-of-Function	Not provided	Other	True
2172	MTOR	Gain-of-Function	Not provided	Other	False
1765	EGFR	Gain-of-function	Not provided	Other	True
2516	VHL	H110PFS*49 (c.329delA)	Frameshift Truncation	Sequence	False
2520	VHL	H115FS (c.343delC)	Frameshift Truncation	Sequence	False
4185	VHL	H115Pfs*44(c.344delA) and P61=(c.183C>G)	Not provided	Sequence	False
2057	VHL	H115fs (c.344del)	Frameshift Truncation;Minus 1 Frameshift Variant	Sequence	True
2136	VHL	H125fs (c.374insA)	Not provided	Sequence	True
1958	VHL	H191FS (c.571delC)	Frameshift Truncation	Sequence	True
4093	VHL	H191Tfs*11 (c.571del)	Not provided	Sequence	False
2328	VHL	H191fs (c.570_574delCCACC)	Not provided	Sequence	False
5104	CREBBP	HAT mutation	Not provided	Region-Defined	False
4943		High	Not provided	Genome Feature	True
4944		High	Not provided	Genome Feature	False
4946		High	Not provided	Genome Feature	True
5040	B2M	High Expression	Not provided	Expression	False
3597	DDR2	High expression	Not provided	Expression	False
1922	VHL	I109FS (c.326delT)	Frameshift Truncation	Sequence	False
1965	VHL	I109TfsX50 (c.326delT)	Frameshift Variant	Sequence	False
527	ALK	I1171	Missense Variant	Sequence	True
2095	VHL	I151fs (c.452insA)	Not provided	Sequence	False
2329	VHL	I206fs (c.615delinsAA)	Plus 1 Frameshift Variant;Frameshift Elongation	Sequence	False
3136	VHL	I75Sfs*84 (c.223del)	Not provided	Sequence	False
271	ATR	I774FS	Frameshift Truncation	Sequence	True
3232	FLT3	I836	Not provided	Sequence	False
765	MSH6	I891FS	Frameshift Truncation	Sequence	True
218	SMARCA4	INACTIVATING MUTATION	Loss Of Function Variant	Gene Function	True
55	FLT3	ITD	Inframe Insertion	Rearrangement	True
4526	EGFR	ITD 	Not provided	Rearrangement	False
4527	BCOR	ITD 	Tandem Duplication	Rearrangement	True
3220	FLT3	ITD  N676D	Not provided	Rearrangement	False
3209	FLT3	ITD & D835(V/Y/F/H)	Not provided	Rearrangement	False
3211	FLT3	ITD & D839G	Not provided	Rearrangement	False
3284	FLT3	ITD & L601F	Not provided	Rearrangement	False
3636	FLT3	ITD & N841K	Not provided	Rearrangement	False
3118	FLT3	ITD & TKD MUTATIONS	Not provided	Other	False
3283	FLT3	ITD & Y597F	Not provided	Rearrangement	False
3210	FLT3	ITD & Y842C	Not provided	Rearrangement	False
3219	FLT3	ITD D651G	Not provided	Rearrangement	False
3221	FLT3	ITD I687F	Not provided	Rearrangement	False
2785	FLT3	ITD N676K	Not provided	Rearrangement	False
3208	FLT3	ITD&F691(I/L)	Not provided	Rearrangement	False
788	CHEK2	IVS2+1G>A	Not provided	Other	True
2674	RB1	IVS20, A-G, -2	Not provided	Other	False
2895	NUDT15	Inactivating Mutation	Not provided	Gene Function	False
4643	NF1	Inactivating Mutation	Not provided	Gene Function	True
5050	ZEB1	Increased Expression	Not provided	Expression	False
67	KIT	Internal Duplication	Inframe Insertion	Copy Number	True
2659	FGFR1	Internal Duplication	Not provided	Copy Number	True
257	EZH2	Intron 6 Mutation	Intron Variant	Region-Defined	True
2311	VHL	K114fs (c.339_340delAG)	Not provided	Sequence	False
2722	TP53	K132	Not provided	Sequence	False
4088	VHL	K159Efs*15 (c.473dup)	Not provided	Other	False
279	NF2	K159fs	Frameshift Truncation	Sequence	True
4100	VHL	K159fs (c.472_473insT)	Not provided	Sequence	False
1872	VHL	K159fs (c.473dup)	Frameshift Variant	Other	True
2137	VHL	K159fs (c.474_476delGAAinsC)	Frameshift Variant	Sequence	True
2040	VHL	K159fs (c.477_478insCA)	Frameshift Variant	Sequence	True
2988	PCNA	K164R LOSS-OF-MODIFICATION	Not provided	Sequence	False
2327	VHL	K171fs (c.512_516delAGCCT)	Not provided	Sequence	False
2140	VHL	K196fs (c.584_585delAG)	Frameshift Variant	Sequence	True
2499	VHL	K196fs (c.588insA)	Not provided	Sequence	False
3476	H3-3A	K27	Not provided	Sequence	False
3010	ABL1	K356dup	Not provided	Copy Number	False
3273	MSH3	K383fs	Not provided	Sequence	False
4177	PDGFRA	K385	Not provided	Sequence	False
1166	ATM	K468FS	Frameshift Variant	Sequence	True
2765	BRAF	K601	Not provided	Sequence	False
508	PMS2	K706FS*19	Minus 1 Frameshift Variant	Sequence	True
2964	RUNX1	K90fsX101	Not provided	Sequence	False
3471	KRAS	KRAS4A underexpression	Not provided	Other	False
5194	BRAF	Kinase Domain Duplication	Not provided	Copy Number	False
413	ERBB2	Kinase Domain Mutation	Protein Altering Variant	Region-Defined	True
2731	TP53	L114	Not provided	Sequence	False
2312	VHL	L116fs (c.347delT)	Frameshift Truncation	Sequence	False
2313	VHL	L118fs (c.349_350insG)	Not provided	Sequence	False
1841	VHL	L118fs (c.352_353insA)	Plus 1 Frameshift Variant	Sequence	True
3068	VHL	L128fs (c.381del)	Minus 1 Frameshift Variant;Frameshift Truncation	Sequence	False
3172	VHL	L129Wfs*?(c.383delT)	Not provided	Sequence	False
1996	VHL	L129fs (c.384delT)	Frameshift Variant	Sequence	True
1906	VHL	L135fs (c.404del)	Frameshift Truncation;Minus 1 Frameshift Variant	Sequence	True
2557	VHL	L135fs (c.405delA)	Not provided	Sequence	False
3119	VHL	L140PfsX4 (c.418dup)	Not provided	Other	False
4087	VHL	L140Qfs*3 (c.419_420del)	Not provided	Sequence	False
3753	VHL	L140Sfs*4 (c.417dup)	Not provided	Other	False
1960	VHL	L140fs (c.417_418delTC)	Not provided	Sequence	True
2559	VHL	L140fs*158 (c.419delT)	Frameshift Truncation	Sequence	False
3513	VHL	L140fs*3 (c.419_420delTC)	Not provided	Sequence	False
1802	VHL	L153fs (c.457delC)	Deletion	Sequence	True
4160	VHL	L158dup (c.473_474insTTT)	Not provided	Copy Number	False
1783	VHL	L158fs (c.471dupT)	Frameshift Variant	Other	True
2563	VHL	L163fs*169 (c.488delT)	Frameshift Truncation	Sequence	False
2139	VHL	L188fs (c.562delC)	Frameshift Truncation	Sequence	True
1828	VHL	L188fs (c.563del)	Minus 1 Frameshift Variant	Sequence	False
4156	VHL	L198Gfs*57 (c.592_593del)	Not provided	Sequence	False
2543	VHL	L198fs (c.592del)	Minus 1 Frameshift Variant;Frameshift Truncation	Sequence	False
2735	TP53	L206	Not provided	Sequence	False
5122	NF1	L2118fs*33	Not provided	Sequence	False
1318	TP53	L3 Domain Mutation	Not provided	Region-Defined	False
1677	FBXW7	L403FS*34	Not provided	Sequence	False
541	PALB2	L531FS*30	Minus 1 Frameshift Variant;Snp	Sequence	True
2766	BRAF	L597	Not provided	Sequence	False
2262	VHL	L63fs (c.187delC)	Not provided	Sequence	False
2087	VHL	L63fs (c.189_192delGCGC)	Not provided	Sequence	False
1011	EGFR	L747_P753>Q	Not provided	Rearrangement	False
4221	AKT2	L78_Q79ins	Not provided	Rearrangement	False
1925	VHL	L85fs (c.253_254ins38)	Not provided	Sequence	False
2305	VHL	L85fs (c.253delC)	Not provided	Sequence	False
1866	EGFR	L861	Not provided	Sequence	True
3483	LGR5	LGR5FL	Not provided	Expression	False
302	PTCH1	LOH	Loss Of Heterozygosity	Genotype/Haplotype	True
564	SMAD4	LOSS	Loss Of Function Variant	Gene Function	True
809	MSH6	LOSS	Loss Of Function Variant	Gene Function	True
3902	PPP2R2A	LOSS	Not provided	Gene Function	False
3659	SMARCB1	LOSS OF NUCLEAR PROTEIN EXPRESSION	Not provided	Expression	True
2596	LZTR1	LOSS-OF-FUNCTION	Not provided	Gene Function	False
2755	FUBP1	LOSS-OF-FUNCTION	Not provided	Gene Function	False
23	CCND3	Loss	Loss Of Function Variant	Gene Function	True
214	PTEN	Loss	Loss Of Function Variant	Gene Function	True
370	MRE11	Loss	Loss Of Function Variant	Gene Function	True
436	VHL	Loss	Loss Of Function Variant	Gene Function	True
485	STK11	Loss	Loss Of Function Variant	Gene Function	True
554	CDKN2A	Loss	Loss Of Function Variant	Gene Function	True
555	CDKN2B	Loss	Transcript Ablation	Gene Function	True
672	SOX10	Loss	Loss Of Function Variant	Gene Function	True
697	NF2	Loss	Loss Of Function Variant	Gene Function	True
698	NF1	Loss	Loss Of Function Variant	Gene Function	True
808	MSH2	Loss	Loss Of Function Variant	Gene Function	True
853	NBN	Loss	Loss Of Function Variant	Gene Function	False
925	STK11	Loss	Not provided	Gene Function	False
1293	ARID1A	Loss	Not provided	Gene Function	True
1876	CIC	Loss	Not provided	Gene Function	False
1879	ATXN1L	Loss	Not provided	Gene Function	False
1880	ATM	Loss	Not provided	Gene Function	False
2212	BAP1	Loss	Not provided	Gene Function	False
2230	ASS1	Loss	Not provided	Gene Function	True
2232	FLCN	Loss	Not provided	Gene Function	False
2234	KMT2D	Loss	Not provided	Gene Function	False
2365	TF	Loss	Not provided	Gene Function	False
2644	SMARCA4	Loss	Not provided	Gene Function	True
2754	PRKN	Loss	Not provided	Gene Function	False
3202	SMARCB1	Loss	Loss Of Function Variant	Gene Function	True
4310	KDM6A	Loss	Not provided	Gene Function	False
4326	KMT2C	Loss	Not provided	Gene Function	True
4452	TP53	Loss	Not provided	Gene Function	True
4641	MLH1	Loss	Not provided	Gene Function	True
4702	MUS81	Loss	Not provided	Gene Function	False
4703	RAD51B	Loss	Not provided	Gene Function	False
4704	BRCA2	Loss	Not provided	Gene Function	False
5020	IFNGR1	Loss	Not provided	Gene Function	True
5041	B2M	Loss	Not provided	Gene Function	False
5080	FAT1	Loss	Not provided	Gene Function	False
5016	MAP3K1	Loss-of-Function Mutation	Not provided	Gene Function	False
125	TSC1	Loss-of-function	Loss Of Function Variant	Gene Function	True
131	BRCA1	Loss-of-function	Loss Of Function Variant;Loss Of Heterozygosity	Gene Function	True
132	BRCA2	Loss-of-function	Loss Of Function Variant	Gene Function	True
159	VHL	Loss-of-function	Loss Of Function Variant	Gene Function	True
167	KMT2D	Loss-of-function	Loss Of Function Variant	Gene Function	True
230	CHEK2	Loss-of-function	Loss Of Function Variant	Gene Function	True
236	CDK12	Loss-of-function	Loss Of Function Variant	Gene Function	True
534	FANCC	Loss-of-function	Loss Of Function Variant	Gene Function	True
601	NOTCH1	Loss-of-function	Loss Of Function Variant	Gene Function	True
606	RB1	Loss-of-function	Loss Of Function Variant	Gene Function	True
637	FBXW7	Loss-of-function	Loss Of Function Variant	Gene Function	True
721	CYP2D6	Loss-of-function	Loss Of Function Variant	Gene Function	True
819	PTPRB	Loss-of-function	Loss Of Function Variant	Gene Function	True
2171	TSC2	Loss-of-function	Loss Of Function Variant	Gene Function	False
2219	BARD1	Loss-of-function	Not provided	Gene Function	True
2235	RASA1	Loss-of-function	Not provided	Gene Function	True
2236	ATM	Loss-of-function	Not provided	Gene Function	False
2415	SMAD4	Loss-of-function	Not provided	Gene Function	False
2565	PTPN12	Loss-of-function	Not provided	Gene Function	False
2705	PBRM1	Loss-of-function	Not provided	Gene Function	False
2744	IKZF1	Loss-of-function	Not provided	Gene Function	True
3316	MEN1	Loss-of-function	Not provided	Gene Function	False
4269	ATRX	Loss-of-function	Not provided	Gene Function	False
4543	DICER1	Loss-of-function	Not provided	Gene Function	False
4608	PTCH1	Loss-of-function	Not provided	Gene Function	False
5068	ATR	Loss-of-function	Not provided	Gene Function	False
5081	LRP1B	Loss-of-function	Not provided	Gene Function	True
5118	BAP1	Loss-of-function	Not provided	Gene Function	True
4985		Low	Not provided	Genome Feature	False
846	VHL	M1FS (c.1_17del17)	Start Lost	Sequence	True
1247	BRCA2	M1R	Missense Variant	Other	True
2497	VHL	M54Gfs*77 (c.160_161delAT)	Not provided	Sequence	False
829	VHL	M54IFS (c.162_166delGGAGG)	Frameshift Truncation	Sequence	True
2545	VHL	M54fs (c.160_175del)	Not provided	Sequence	False
2473	VHL	M54fs (c.160delA)	Not provided	Sequence	False
1889	VHL	M54fs (c.161dup)	Plus 1 Frameshift Variant;Frameshift Truncation	Other	True
638	RB1	M695FS*26	Frameshift Truncation	Sequence	True
3148	MEF2D	MEF2D Rearrangement	Not provided	Rearrangement	False
538	MLH1	METHYLATION	N/A	Epigenetic Modification	True
784	CDKN2B	METHYLATION	N/A	Epigenetic Modification	True
521	U2AF1	MUTATION	Protein Altering Variant	Region-Defined	True
595	SRSF2	MUTATION	Gene Variant	Region-Defined	True
623	POT1	MUTATION	Protein Altering Variant;Loss Of Function Variant	Region-Defined	True
644	PRDM1	MUTATION	Loss Of Function Variant;Transcript Variant	Region-Defined	True
664	CDH1	MUTATION	Transcription Variant	Region-Defined	True
665	RHOA	MUTATION	Transcription Variant;Gain Of Function Variant	Region-Defined	True
669	STAG2	MUTATION	Protein Altering Variant	Region-Defined	True
674	EIF1AX	MUTATION	Transcript Variant	Region-Defined	True
2169	BTK	MUTATION	Not provided	Region-Defined	True
2170	PLCG2	MUTATION	Not provided	Region-Defined	True
2652	H3-3A	MUTATION	Not provided	Region-Defined	True
2761	ZRSR2	MUTATION	Not provided	Region-Defined	False
2773	RABL3	MUTATION	Not provided	Region-Defined	False
3052	CD79B	MUTATION	Not provided	Region-Defined	False
3073	CARD11	MUTATION	Not provided	Region-Defined	False
3138	NPM1	MUTATION	Not provided	Region-Defined	False
29	CEBPA	Mutation	Loss Of Function Variant;Transcript Variant	Region-Defined	True
155	RUNX1	Mutation	Loss Of Function Variant;Transcript Variant	Region-Defined	True
157	TET2	Mutation	Gene Variant;Loss Of Function Variant	Region-Defined	True
160	VHL	Mutation	Gene Variant;Loss Of Function Variant	Region-Defined	True
161	PBRM1	Mutation	Transcription Variant;Loss Of Function Variant	Region-Defined	True
163	EZH2	Mutation	Protein Altering Variant	Region-Defined	True
174	APC	Mutation	Not provided	Region-Defined	True
177	ASXL1	Mutation	Protein Altering Variant	Region-Defined	True
178	ATM	Mutation	Transcription Variant;Loss Of Function Variant	Region-Defined	True
183	BAP1	Mutation	Protein Altering Variant;Loss Of Function Variant	Region-Defined	True
185	BRCA1	Mutation	Gene Variant;Loss Of Function Variant	Region-Defined	True
186	BRCA2	Mutation	Gene Variant;Loss Of Function Variant	Region-Defined	True
189	DNMT3A	Mutation	Transcript Variant	Region-Defined	True
206	NOTCH1	Mutation	Protein Altering Variant	Region-Defined	True
208	NRAS	Mutation	Gain Of Function Variant;Transcript Variant	Region-Defined	True
215	SF3B1	Mutation	Protein Altering Variant	Region-Defined	True
216	SMAD4	Mutation	Loss Of Function Variant;Transcript Variant	Region-Defined	True
217	SMARCA4	Mutation	Gene Variant;Loss Of Function Variant	Region-Defined	True
222	TP53	Mutation	Protein Altering Variant	Region-Defined	True
275	HRAS	Mutation	Coding Transcript Variant	Region-Defined	True
277	MTOR	Mutation	Protein Altering Variant	Region-Defined	True
281	FBXW7	Mutation	Loss Of Function Variant;Protein Altering Variant	Region-Defined	True
297	RIT1	Mutation	Transcript Variant	Region-Defined	True
300	SMO	Mutation	Coding Transcript Variant	Region-Defined	True
301	PTCH1	Mutation	Loss Of Function Variant;Gene Variant	Region-Defined	True
310	ERBB4	Mutation	Gain Of Function Variant;Transcript Variant	Region-Defined	True
311	PIK3CA	Mutation	Gain Of Function Variant;Transcript Variant	Region-Defined	True
323	MET	Mutation	Transcription Variant;Gain Of Function Variant	Region-Defined	True
327	PTPRD	Mutation	Loss Of Function Variant;Transcript Variant	Region-Defined	True
336	KRAS	Mutation	Protein Altering Variant	Region-Defined	True
388	KIT	Mutation	Transcript Variant	Region-Defined	True
399	BRAF	Mutation	Gene Variant;Gain Of Function Variant	Region-Defined	True
442	EGFR	Mutation	Inframe Variant	Region-Defined	True
505	GNAQ	Mutation	Not provided	Region-Defined	True
506	GNA11	Mutation	Not provided	Region-Defined	True
510	PTEN	Mutation	Protein Altering Variant	Region-Defined	True
511	FGFR2	Mutation	Gain Of Function Variant;Transcript Variant	Region-Defined	True
512	ALK	Mutation	Gene Variant;Gain Of Function Variant	Region-Defined	True
519	FLT3	Mutation	Gain Of Function Variant;Transcript Variant	Region-Defined	True
560	CSF3R	Mutation	Protein Altering Variant	Region-Defined	True
570	IDH2	Mutation	Protein Altering Variant	Region-Defined	True
587	NF1	Mutation	Loss Of Function Variant;Protein Altering Variant	Region-Defined	True
600	AR	Mutation	Transcript Variant	Region-Defined	True
633	PIK3R1	Mutation	Gain Of Function Variant;Missense Variant	Region-Defined	True
645	IDH1	Mutation	Transcript Variant	Region-Defined	True
659	NF2	Mutation	Transcript Variant	Region-Defined	False
663	BCOR	Mutation	Transcript Variant	Region-Defined	True
666	ERBB2	Mutation	Missense Variant	Region-Defined	True
668	KMT2C	Mutation	Transcription Variant;Loss Of Function Variant	Region-Defined	True
713	CRBN	Mutation	Not provided	Region-Defined	True
715	STK11	Mutation	Gene Variant	Region-Defined	True
797	POLE	Mutation	Gene Variant	Region-Defined	True
799	RB1	Mutation	Gene Variant	Region-Defined	True
827	FGFR3	Mutation	Not provided	Region-Defined	True
1690	RET	Mutation	Not provided	Region-Defined	True
2231	FLCN	Mutation	Not provided	Region-Defined	False
2233	BCL2	Mutation	Not provided	Region-Defined	True
2237	KDM5C	Mutation	Not provided	Region-Defined	False
2388	CALR	Mutation	Not provided	Region-Defined	True
2567	ETV6	Mutation	Not provided	Region-Defined	False
2641	FGFR1	Mutation	Not provided	Region-Defined	False
2642	PTPN11	Mutation	Not provided	Region-Defined	False
2692	B2M	Mutation	Not provided	Region-Defined	False
2699	CBL	Mutation	Not provided	Region-Defined	False
2704	CDKN2A	Mutation	Not provided	Region-Defined	True
2749	NFE2L2	Mutation	Not provided	Region-Defined	True
2759	PALB2	Mutation	Not provided	Region-Defined	True
2760	MPL	Mutation	Not provided	Region-Defined	False
2764	CDK12	Mutation	Not provided	Region-Defined	True
2898	NT5C2	Mutation	Not provided	Region-Defined	True
2958	SDHB	Mutation	Not provided	Region-Defined	False
2983	ACVR1	Mutation	Not provided	Region-Defined	True
3072	GATA2	Mutation	Protein Altering Variant	Region-Defined	False
3115	GATA1	Mutation	Not provided	Region-Defined	False
3203	ATRX	Mutation	Not provided	Region-Defined	True
3274	PDGFRA	Mutation	Not provided	Region-Defined	True
3910	ESR1	Mutation	Not provided	Region-Defined	True
4018	MS4A1	Mutation	Not provided	Region-Defined	True
4437	PPP2R2A	Mutation	Not provided	Region-Defined	True
4438	RAD54L	Mutation	Not provided	Region-Defined	True
4439	BRIP1	Mutation	Not provided	Region-Defined	True
4440	BARD1	Mutation	Not provided	Region-Defined	True
4441	CHEK1	Mutation	Not provided	Region-Defined	True
4442	FANCL	Mutation	Not provided	Region-Defined	False
4443	RAD51B	Mutation	Not provided	Region-Defined	True
4444	RAD51C	Mutation	Not provided	Region-Defined	False
4445	RAD51D	Mutation	Not provided	Region-Defined	True
4471	ARAF	Mutation	Not provided	Region-Defined	False
4503	RAF1	Mutation	Not provided	Region-Defined	False
4504	MAP2K1	Mutation	Not provided	Region-Defined	False
4505	MAP2K2	Mutation	Not provided	Region-Defined	False
4506	GATA3	Mutation	Not provided	Region-Defined	False
4507	GNAS	Mutation	Not provided	Region-Defined	False
4530	ABL1	Mutation	Not provided	Region-Defined	False
4630	ERBB3	Mutation	Not provided	Region-Defined	True
4694	XRCC3	Mutation	Not provided	Region-Defined	False
4695	ORC1	Mutation	Not provided	Region-Defined	False
4720	SETD2	Mutation	Not provided	Region-Defined	False
4748	PRKCB	Mutation	Not provided	Region-Defined	False
4799	UBR5	Mutation	Not provided	Region-Defined	False
4800	NSD2	Mutation	Not provided	Region-Defined	False
4801	SP140	Mutation	Not provided	Region-Defined	False
4802	NOTCH2	Mutation	Not provided	Region-Defined	False
4803	S1PR1	Mutation	Not provided	Region-Defined	False
4804	NFKBIE	Mutation	Not provided	Region-Defined	False
4805	ACTB	Mutation	Not provided	Region-Defined	False
4806	ARID1A	Mutation	Not provided	Region-Defined	False
4807	TNFRSF14	Mutation	Not provided	Region-Defined	False
4808	SGK1	Mutation	Not provided	Region-Defined	False
4809	BCL10	Mutation	Not provided	Region-Defined	False
4810	BTG2	Mutation	Not provided	Region-Defined	False
4811	BCL6	Mutation	Not provided	Region-Defined	False
4812	CIITA	Mutation	Not provided	Region-Defined	False
4813	FAS	Mutation	Not provided	Region-Defined	False
4814	BTG1	Mutation	Not provided	Region-Defined	False
4815	IRF8	Mutation	Not provided	Region-Defined	False
4816	TMEM30A	Mutation	Not provided	Region-Defined	False
4818	CD58	Mutation	Not provided	Region-Defined	False
4819	KLHL6	Mutation	Not provided	Region-Defined	False
4820	CD70	Mutation	Not provided	Region-Defined	False
4821	CREBBP	Mutation	Sequence Variant	Region-Defined	False
4822	EP300	Mutation	Not provided	Region-Defined	False
4823	H1-2	Mutation	Not provided	Region-Defined	False
4824	ETS1	Mutation	Not provided	Region-Defined	False
4825	IRF4	Mutation	Not provided	Region-Defined	False
4826	BCL11A	Mutation	Not provided	Region-Defined	False
4827	CXCR4	Mutation	Not provided	Region-Defined	False
4828	DDX3X	Mutation	Not provided	Region-Defined	False
4829	DTX1	Mutation	Not provided	Region-Defined	False
4830	DUSP2	Mutation	Not provided	Region-Defined	False
4831	EBF1	Mutation	Not provided	Region-Defined	False
4832	GRHPR	Mutation	Not provided	Region-Defined	False
4833	H1-5	Mutation	Not provided	Region-Defined	False
4834	H1-3	Mutation	Not provided	Region-Defined	False
4835	H2AC6	Mutation	Not provided	Region-Defined	False
4836	H2AC17	Mutation	Not provided	Region-Defined	False
4837	H2BC5	Mutation	Not provided	Region-Defined	False
4838	H2BC12	Mutation	Not provided	Region-Defined	False
4839	HLA-A	Mutation	Not provided	Region-Defined	False
4840	HLA-B	Mutation	Not provided	Region-Defined	False
4841	HLA-C	Mutation	Not provided	Region-Defined	False
4842	HVCN1	Mutation	Not provided	Region-Defined	False
4843	IL4R	Mutation	Not provided	Region-Defined	False
4844	ITPKB	Mutation	Not provided	Region-Defined	False
4845	KLF2	Mutation	Not provided	Region-Defined	False
4846	KLHL14	Mutation	Not provided	Region-Defined	False
4847	LTB	Mutation	Not provided	Region-Defined	False
4848	LYN	Mutation	Not provided	Region-Defined	False
4849	MEF2C	Mutation	Not provided	Region-Defined	False
4850	MGA	Mutation	Not provided	Region-Defined	False
4851	MPEG1	Mutation	Not provided	Region-Defined	False
4852	NFKBIA	Mutation	Not provided	Region-Defined	False
4854	NOL9	Mutation	Not provided	Region-Defined	False
4855	OSBPL10	Mutation	Not provided	Region-Defined	False
4856	PIM1	Mutation	Not provided	Region-Defined	False
4857	PIM2	Mutation	Not provided	Region-Defined	False
4858	POU2AF1	Mutation	Not provided	Region-Defined	False
4859	POU2F2	Mutation	Not provided	Region-Defined	False
4860	PRKDC	Mutation	Not provided	Region-Defined	False
4861	S1PR2	Mutation	Not provided	Region-Defined	False
4862	SETD1B	Mutation	Not provided	Region-Defined	False
4863	SOCS1	Mutation	Not provided	Region-Defined	False
4864	SPEN	Mutation	Not provided	Region-Defined	False
4865	STAT3	Mutation	Not provided	Region-Defined	False
4867	STAT6	Mutation	Not provided	Region-Defined	False
4868	TBL1XR1	Mutation	Not provided	Region-Defined	False
4869	TNFAIP3	Mutation	Not provided	Region-Defined	False
4870	TOX	Mutation	Not provided	Region-Defined	False
4871	UBE2A	Mutation	Not provided	Region-Defined	False
4872	WEE1	Mutation	Not provided	Region-Defined	False
4873	XPO1	Mutation	Not provided	Region-Defined	False
4874	ZFP36L1	Mutation	Not provided	Region-Defined	False
4875	TMSB4X	Mutation	Not provided	Region-Defined	False
4876	BIRC6	Mutation	Not provided	Region-Defined	False
4877	CD83	Mutation	Not provided	Region-Defined	False
4878	ZNF292	Mutation	Not provided	Region-Defined	False
4906	AKT1	Mutation	Not provided	Region-Defined	True
4936	KMT2A	Mutation	Not provided	Region-Defined	False
4990	AKT2	Mutation	Not provided	Region-Defined	True
5038	JAK1	Mutation	Not provided	Region-Defined	False
5039	JAK2	Mutation	Not provided	Region-Defined	False
5116	KEAP1	Mutation	Not provided	Region-Defined	False
3127	WT1	Mutations	Not provided	Region-Defined	False
28	CEBPA	N-TERMINAL FRAME SHIFT	Frameshift Truncation;Dominant Negative Variant	Sequence	True
1981	VHL	N100fsX131 (c.298_299InsA)	Not provided	Sequence	False
4271	VHL	N131*(c.390dupT)	Not provided	Copy Number	False
2315	VHL	N131fs (c.389delT)	Not provided	Sequence	False
1800	VHL	N131fs (c.390_391del)	Minus 2 Frameshift Variant	Sequence	True
1868	VHL	N131fs (c.393_394delinsA)	Frameshift	Sequence	False
2317	VHL	N141fs (c.420delC)	Frameshift Truncation	Sequence	False
2272	VHL	N141fs (c.421_422delAA)	Not provided	Sequence	False
2318	VHL	N141fs (c.422_428del)	Minus 1 Frameshift Variant;Frameshift Truncation	Sequence	False
1917	VHL	N141fs (c.422_440del)	Frameshift Variant	Sequence	False
1823	VHL	N141fs (c.422del)	Minus 1 Frameshift	Sequence	False
3186	VHL	N150Ifs*9 (c.449del)	Not provided	Sequence	False
2029	VHL	N150fs (c.445_458del)	Frameshift Variant	Sequence	True
3493	VHL	N150fs (c.446delC)	Not provided	Sequence	False
2561	VHL	N150fs (c.447del)	Frameshift Truncation;Minus 1 Frameshift Variant	Sequence	True
3743	VHL	N150fs (c.448delA)	Not provided	Sequence	True
1770	VHL	N150fs (c.449del)	Frameshift Truncation;Minus 1 Frameshift Variant	Sequence	True
3759	VHL	N174FS*29 (c.519insAA)	Not provided	Sequence	False
3317	VHL	N174Lfs (c.520_521del)	Not provided	Sequence	False
2253	VHL	N174fs (c.520delA)	Not provided	Sequence	False
4230	VHL	N193fs (c.576delA)	Not provided	Sequence	False
4474	BRAF	N486_P490 	Not provided	Sequence	False
2547	VHL	N67fs (c.197_213del)	Not provided	Sequence	False
2309	VHL	N90fs (c.269delA)	Not provided	Sequence	False
1320	ERBB2	NON-AMPLIFICATION	Not provided	Copy Number	False
340	DKK1	NUCLEAR EXPRESSION	N/A	Expression	True
368	BIRC5	NUCLEAR EXPRESSION	N/A	Expression	True
391	IGF1R	NUCLEAR EXPRESSION	N/A	Expression	True
438	PSMB8	NUCLEAR EXPRESSION	N/A	Expression	True
439	PBK	NUCLEAR EXPRESSION	N/A	Expression	True
490	HSPH1	NUCLEAR EXPRESSION	N/A	Expression	True
494	PIM1	NUCLEAR EXPRESSION	N/A	Expression	True
364	ERBB4	NUCLEAR TRANSLOCATION	N/A	Rearrangement	True
2376	ABL1	Non-P-Loop Mutation	Not provided	Region-Defined	True
2408	BRAF	Non-V600	Protein Altering Variant	Region-Defined	True
3297	VHL	Null (11 kb 3' deletion)	Not provided	Gene Function	False
2016	VHL	Null (Complete deletion)	Not provided	Gene Function	False
2182	VHL	Null (Large deletion)	Not provided	Gene Function	True
1947	VHL	Null (Partial deletion of 4.6 Kb)	Not provided	Gene Function	False
2082	VHL	Null (Partial deletion of Exon 1)	Not provided	Other	False
1951	VHL	Null (Partial deletion of Exon 2)	Not provided	Other	False
1952	VHL	Null (Partial deletion of Exon 3)	Not provided	Other	False
2083	VHL	Null (Partial deletion of Exons 1 & 2)	Not provided	Other	False
2036	VHL	Null (Partial deletion of Exons 2 & 3)	Not provided	Other	True
2103	VHL	Null (Partial deletion)	Not provided	Gene Function	False
1978	VHL	Null (c.-678-?_340+?del)	Not provided	Gene Function	False
1979	VHL	Null (c.-678-?_642+?del)	Not provided	Gene Function	False
4264	VHL	Null (c.341+1_341–1)	Not provided	Gene Function	False
3361	VHL	Null (del one VHL allele)	Not provided	Gene Function	False
3180	VHL	Null (deletion)	Not provided	Gene Function	False
3188	VHL	Null (large 3' deletion)	Not provided	Gene Function	False
3262	VHL	Null (point mutation codon 238)	Not provided	Gene Function	False
3296	VHL	Null (rearrangement)	Not provided	Other	False
21	CCND2	OVEREXPRESSION	N/A	Expression	True
205	NCOA3	OVEREXPRESSION	N/A	Expression	True
296	RIT1	OVEREXPRESSION	N/A	Expression	True
305	SYK	OVEREXPRESSION	N/A	Expression	True
345	SPHK1	OVEREXPRESSION	N/A	Expression	True
348	PBK	OVEREXPRESSION	N/A	Expression	True
359	AR	OVEREXPRESSION	N/A	Expression	True
378	PTP4A3	OVEREXPRESSION	N/A	Expression	True
396	JAK1	OVEREXPRESSION	N/A	Expression	True
434	HIF1A	OVEREXPRESSION	N/A	Expression	True
440	PTTG1	OVEREXPRESSION	N/A	Expression	True
796	RRM2	OVEREXPRESSION	N/A	Expression	True
1299	MERTK	OVEREXPRESSION	N/A	Expression	True
2419	NR2F2	OVEREXPRESSION	Not provided	Expression	False
2586	PARP1	OVEREXPRESSION	Not provided	Expression	True
2917	LYN	OVEREXPRESSION	Not provided	Expression	True
2981	WDR12	OVEREXPRESSION	Not provided	Expression	False
2982	PLK1	OVEREXPRESSION	Not provided	Expression	False
3112	PALB2	Oncogenic Mutations (loss of function alterations)	Not provided	Other	False
3113	ATM	Oncogenic Mutations (loss of function alterations)	Not provided	Other	False
20	CCND1	Overexpression	N/A	Expression	True
24	CCNE1	Overexpression	N/A	Expression	True
152	BCL2	Overexpression	N/A	Expression	True
156	IGF2	Overexpression	N/A	Expression	True
181	AURKA	Overexpression	N/A	Expression	True
193	EGFR	Overexpression	N/A	Expression	True
289	ERBB3	Overexpression	N/A	Expression	True
290	NT5E	Overexpression	N/A	Expression	True
291	EZH2	Overexpression	N/A	Expression	True
292	MYD88	Overexpression	N/A	Expression	True
325	FGFR3	Overexpression	N/A	Expression	True
346	CASP8	Overexpression	N/A	Expression	True
347	TYMS	Overexpression	N/A	Expression	True
377	TIMP1	Overexpression	N/A	Expression	True
408	ABCC10	Overexpression	N/A	Expression	True
435	EPAS1	Overexpression	N/A	Expression	True
472	ALDH1A2	Overexpression	N/A	Expression	True
481	DDX43	Overexpression	N/A	Expression	True
483	TBK1	Overexpression	N/A	Expression	True
486	HAVCR2	Overexpression	N/A	Expression	True
525	B4GALT1	Overexpression	N/A	Expression	True
529	SIRT1	Overexpression	N/A	Expression	True
539	PTPN11	Overexpression	N/A	Expression	True
547	RB1	Overexpression	N/A	Expression	True
578	BIRC5	Overexpression	N/A	Expression	True
597	RET	Overexpression	N/A	Expression	True
602	CDK6	Overexpression	N/A	Expression	True
603	FLT3	Overexpression	N/A	Expression	True
607	ESR1	Overexpression	N/A	Expression	True
619	PTGS2	Overexpression	N/A	Expression	False
621	MET	Overexpression	N/A	Expression	True
639	JUN	Overexpression	N/A	Expression	True
640	FOS	Overexpression	N/A	Expression	True
653	ETV4	Overexpression	N/A	Expression	True
693	SGK1	Overexpression	N/A	Expression	True
795	RRM1	Overexpression	N/A	Expression	True
858	CSF1	Overexpression	N/A	Expression	False
859	ROS1	Overexpression	N/A	Expression	False
860	NTRK1	Overexpression	N/A	Expression	True
866	MITF	Overexpression	N/A	Expression	False
869	YAP1	Overexpression	N/A	Expression	False
875	ERBB2	Overexpression	N/A	Expression	True
1256	TERT	Overexpression	N/A	Expression	False
1259	AEBP1	Overexpression	N/A	Expression	False
1273	CTAG1B	Overexpression	N/A	Expression	True
1274	CTAG2	Overexpression	N/A	Expression	True
1279	BRD4	Overexpression	N/A	Expression	False
1301	AKT3	Overexpression	Not provided	Expression	True
1303	MYC	Overexpression	Not provided	Expression	True
1306	TP53	Overexpression	N/A	Expression	True
1693	CHEK1	Overexpression	Not provided	Expression	True
1877	ETV1	Overexpression	Not provided	Expression	False
1878	ETV5	Overexpression	Not provided	Expression	False
2167	FGFR4	Overexpression	N/A	Expression	False
2204	KDR	Overexpression	Not provided	Expression	False
2239	TPT1	Overexpression	Not provided	Expression	False
2360	AKT1	Overexpression	Not provided	Expression	True
2363	PIK3R2	Overexpression	Not provided	Expression	True
2410	ERCC1	Overexpression	N/A	Expression	False
2417	FGFR2	Overexpression	Not provided	Expression	False
2578	NOTCH3	Overexpression	Not provided	Expression	False
2584	CDK9	Overexpression	Not provided	Expression	False
2585	VEGFA	Overexpression	Not provided	Expression	False
2588	EPOR	Overexpression	Not provided	Expression	False
2635	ALK	Overexpression	Not provided	Expression	False
2636	CDK4	Overexpression	Not provided	Expression	False
2679	WEE1	Overexpression	Not provided	Expression	False
2717	PSMD4	Overexpression	Not provided	Expression	False
2739	CRLF2	Overexpression	Not provided	Expression	False
2784	FGF19	Overexpression	Not provided	Expression	True
2808	WNT11	Overexpression	Not provided	Expression	False
2904	FGFR1	Overexpression	Not provided	Expression	False
2908	TACSTD2	Overexpression	Not provided	Expression	False
2911	IL6	Overexpression	Not provided	Expression	True
2915	ABCB1	Overexpression	N/A	Expression	True
2944	PDGFRA	Overexpression	Not provided	Expression	True
2955	STAT1	Overexpression	Not provided	Expression	False
2970	VEGFC	Overexpression	Not provided	Expression	False
2973	PDGFRB	Overexpression	Not provided	Expression	True
2978	MIR21	Overexpression	Not provided	Expression	False
2980	IL33	Overexpression	Not provided	Expression	False
2985	CCN2	Overexpression	Not provided	Expression	False
3006	FOXC2	Overexpression	Not provided	Expression	False
3007	ZEB1	Overexpression	Not provided	Expression	False
3008	CUL7	Overexpression	Not provided	Expression	False
3139	MECOM	Overexpression	Not provided	Expression	False
3243	ACTL6A	Overexpression	Not provided	Expression	False
3249	MYCN	Overexpression	Not provided	Expression	False
3259	IGF1R	Overexpression	Not provided	Expression	True
3277	ZHX2	Overexpression	Not provided	Expression	False
3279	HDAC2	Overexpression	Not provided	Expression	False
3306	HDAC9	Overexpression	Not provided	Expression	False
3307	FOXF1	Overexpression	Not provided	Expression	False
3568	JAK2	Overexpression	Not provided	Expression	False
3569	STAT5B	Overexpression	Not provided	Expression	False
3598	DDR2	Overexpression	Not provided	Expression	False
3599	HDAC6	Overexpression	Not provided	Expression	False
3646	HOXC10	Overexpression	Not provided	Expression	False
3728	SLC29A1	Overexpression	Not provided	Expression	True
3731	KIT	Overexpression	Not provided	Expression	False
3732	HSP90B1	Overexpression	Not provided	Expression	False
3733	KRAS	Overexpression	Not provided	Expression	False
3734	COX2	Overexpression	Not provided	Expression	False
3735	BRAF	Overexpression	Not provided	Expression	False
3746	CCNE2	Overexpression	Not provided	Expression	False
4237	AURKB	Overexpression	Not provided	Expression	False
4297	FGFR1	Overexpression	Not provided	Expression	False
4522	CD274	Overexpression	Not provided	Expression	False
4979	OVOL2	Overexpression	Not provided	Expression	False
5037	EMSY	Overexpression	Not provided	Expression	False
5064	ZNF217	Overexpression	Not provided	Expression	False
5119	ERCC6	Overexpression	Not provided	Expression	False
3415	AR	Overexpression of AR-V9	Not provided	Expression	False
3324	VEGFA	Overexpression of VEGF121	Not provided	Expression	False
3325	VEGFA	Overexpression of VEGF121 and VEGF110	Not provided	Expression	False
2375	ABL1	P-Loop Mutation	Not provided	Region-Defined	True
2058	VHL	P102fs (c.305delC)	Frameshift Truncation	Sequence	True
1795	VHL	P103FS (c.309_310delTG)	Frameshift Variant	Sequence	True
1682	ARID1A	P1175FS*5	Frameshift Variant	Sequence	True
2495	VHL	P138fs (c.410dup)	Plus 1 Frameshift Variant;Frameshift Truncation	Other	False
2526	VHL	P146Gfs*14 (c.435_436insGG)	Not provided	Sequence	False
2055	VHL	P146fs (c.437del)	Frameshift Truncation;Minus 1 Frameshift Variant	Sequence	True
2732	TP53	P153	Not provided	Sequence	False
4262	VHL	P154Qfs4*(c.461delC)	Not provided	Sequence	False
2879	VHL	P154Rfs (c.461_462delCA)	Not provided	Sequence	False
1771	VHL	P154fs (c.462delA)	Frameshift Truncation	Sequence	True
2005	VHL	P172fs  (c.516delT)	Frameshift Truncation	Sequence	False
2274	VHL	P172fs (c.514delC)	Not provided	Sequence	False
1864	VHL	P192fs (c.575delC)	Missense Variant	Sequence	False
207	NOTCH1	P2514FS	Frameshift Truncation	Sequence	True
4165	VHL	P25L (c.74C>T) AND D126Rfs*6 (c.375_376insA) AND E55Rfs(c.163delG)	Not provided	Sequence	False
2726	TP53	P278	Not provided	Sequence	False
2090	VHL	P40fs (c.118ins)	Not provided	Sequence	True
756	MLH1	P536FS	Frameshift Truncation	Sequence	True
851	VHL	P59fs (c.173_174insC)	Frameshift Truncation;Plus 1 Frameshift Variant	Sequence	True
1929	VHL	P59fs (c.176delC)	Frameshift Truncation;Minus 1 Frameshift Variant	Sequence	True
2474	VHL	P59fs (c.176insAGCAdelTCCTGCGCT)	Not provided	Sequence	False
2145	VHL	P61FS (c.182_185delCCGT)	Frameshift Variant	Sequence	True
2263	VHL	P61fs (c.181delC)	Not provided	Sequence	False
2121	VHL	P61fs (c.181delCCGT)	Not provided	Sequence	False
2014	VHL	P61fs (c.183insC)	Not provided	Sequence	True
2546	VHL	P61fs Stop at 121(c.180_208del)	Not provided	Sequence	False
4224	AKT1	P68-C77dup	Not provided	Copy Number	False
4080	VHL	P71Lfs*61 (c.211_212insT)	Not provided	Sequence	False
1955	VHL	P71fs (c.211insT)	Not provided	Sequence	True
3185	VHL	P86Afs*46 (c.254_255insC)	Not provided	Sequence	False
1758	VHL	P86fs (c.254_255insC)	Plus 1 Frameshift Variant;Frameshift Truncation	Sequence	True
2306	VHL	P86fs (c.255_256delGC)	Not provided	Sequence	False
3190	VHL	P95Rfs*64 (c.284del)	Not provided	Sequence	False
477	BRCA1	P968FS	Frameshift Truncation	Sequence	True
2515	VHL	P97Afs*35 (c.287_288insA)	Not provided	Sequence	False
5089		PA-NF1	Not provided	Genome Feature	False
387	EIF4EBP1	PHOSPHORYLATION	N/A	Epigenetic Modification	True
395	RPS6	PHOSPHORYLATION	N/A	Epigenetic Modification	True
632	RB1	PHOSPHORYLATION	N/A	Epigenetic Modification	True
3235	PRKAR1A	PRKAR1A LOH, allelic imbalance 17q	Not provided	Genotype/Haplotype	False
22	CCND2	PROMOTER DEMETHYLATION	N/A	Epigenetic Modification	True
711	KLLN	PROMOTER METHYLATION	Gene Silenced By Dna Methylation	Epigenetic Modification	True
2916	PRPS1	PRPS1 MUTATION	Not provided	Region-Defined	True
2184	VHL	Partial deletion of 0.7 Kb	Not provided	Rearrangement	False
4200	VHL	Partial deletion of 0.8 kb	Not provided	Rearrangement	False
2185	VHL	Partial deletion of 1 Kb	Not provided	Rearrangement	False
2186	VHL	Partial deletion of 1.2 Kb	Not provided	Rearrangement	False
2187	VHL	Partial deletion of 1.5 Kb	Not provided	Rearrangement	False
3999	VHL	Partial deletion of 10 Kb	Not provided	Rearrangement	False
2188	VHL	Partial deletion of 11 Kb	Not provided	Rearrangement	False
2189	VHL	Partial deletion of 12 Kb	Not provided	Rearrangement	False
3095	VHL	Partial deletion of 2 Kb	Not provided	Rearrangement	False
2191	VHL	Partial deletion of 3 Kb	Not provided	Rearrangement	False
2190	VHL	Partial deletion of 3.5 Kb	Not provided	Rearrangement	False
2492	VHL	Partial deletion of 4 Kb	Not provided	Rearrangement	False
2193	VHL	Partial deletion of 7 Kb	Not provided	Rearrangement	False
2192	VHL	Partial deletion of 7.5 Kb	Not provided	Rearrangement	False
2194	VHL	Partial deletion of 8.2 Kb	Not provided	Rearrangement	False
3466	NTRK1	Point Mutations	Not provided	Other	False
3467	NTRK3	Point Mutations	Not provided	Other	False
4945		Positive	Not provided	Genome Feature	True
4947		Positive	Not provided	Genome Feature	False
27	CDKN2A	Promoter Hypermethylation	N/A	Epigenetic Modification	True
333	PTPRT	Promoter Hypermethylation	N/A	Epigenetic Modification	True
374	NAPRT	Promoter Hypermethylation	N/A	Epigenetic Modification	True
85	MGMT	Promoter Methylation	N/A	Epigenetic Modification	True
220	TERT	Promoter Mutation	Regulatory Region Variant	Region-Defined	True
2443	VHL	Q132Hfs*45 (c.343_395dup)	Not provided	Other	False
2267	VHL	Q132fs (c.395_396delAA)	Not provided	Sequence	False
2155	VHL	Q145Tfs* (c.432_433insA)	Frameshift Variant	Sequence	False
2525	VHL	Q145fs (c.433_437delCAGCC)	Not provided	Sequence	False
127	U2AF1	Q157P/R	Missense Variant	Sequence	True
4094	VHL	Q203Gfs*52 (c.607_608del)	Not provided	Sequence	False
2383	VHL	Q203TfsX53 (c.606dupA)	Not provided	Other	False
3657	VHL	Q203fs (c.607_608delCA)	Not provided	Sequence	False
507	GNAQ	Q209	Protein Altering Variant	Sequence	True
558	GNA11	Q209	Missense Variant	Sequence	True
4435	BAP1	Q267fs	Not provided	Sequence	False
744	MLH1	Q426FS	Frameshift Truncation	Sequence	True
5096	NF1	Q514fs*43	Not provided	Sequence	False
3326	FLT3	Q575Δ	Not provided	Other	False
94	NRAS	Q61	Missense Variant	Sequence	True
203	KRAS	Q61	Protein Altering Variant	Sequence	True
2570	HRAS	Q61	Not provided	Sequence	True
1105	KRAS	Q61FS	Not provided	Sequence	False
2002	VHL	Q73FS (c.215delC)	Frameshift Variant	Sequence	False
2041	VHL	Q73FS (c.217delC)	Frameshift Truncation	Sequence	True
2444	VHL	Q73Pfs*59 (c.217dupC)	Not provided	Other	False
2131	VHL	Q73fs (c.214insGCCC)	Not provided	Sequence	True
3176	VHL	R107Pfs*25(c.314_315insC)	Not provided	Sequence	False
3029	BCL2	R107_R110dup	Not provided	Copy Number	False
3132	VHL	R108Hfs*23 (c.323_324del)	Not provided	Sequence	False
4085	VHL	R108Lfs*52 (c.322_323insTG)	Not provided	Sequence	False
2021	VHL	R108dup (c.322_324dup)	Conservative Inframe Insertion	Copy Number	True
3633	VHL	R108dup (c.322_324dupCGC)	Not provided	Copy Number	False
3656	VHL	R108fs (c.322_323insTG)	Not provided	Sequence	False
2537	VHL	R108fs (c.323delGC)	Not provided	Sequence	False
2143	VHL	R113FS (c.337delC)	Frameshift Truncation	Sequence	True
3244	VHL	R120fs (c.358_359insAC)	Frameshift Truncation;Plus 2 Frameshift Variant	Sequence	True
2552	VHL	R120fs*158 (c.359delG)	Not provided	Sequence	False
58	IDH1	R132	Protein Altering Variant	Sequence	True
804	RUNX1	R135FSX177	Not provided	Sequence	True
62	IDH2	R140	Protein Altering Variant	Sequence	True
4096	VHL	R161* (c.481C>T) AND R200fs (c.598del)	Not provided	Sequence	False
2273	VHL	R161fs (c.481insC)	Not provided	Sequence	False
2486	VHL	R167fs (c.501insTTGTCCGT)	Not provided	Sequence	False
1779	VHL	R167fs (c.502insTTGTCCGT)	Not provided	Sequence	True
1975	VHL	R167fsX4 (c.499_504delinsT)	Frameshift Variant	Sequence	False
199	IDH2	R172	Protein Altering Variant	Sequence	True
3187	VHL	R176Gfs*26 (c.526del)	Not provided	Sequence	False
1780	VHL	R176fs (c.526del)	Frameshift Truncation	Sequence	True
3355	VHL	R177SFS*22 (c.531_542delinsTC)	Not provided	Sequence	False
4266	VHL	R177Tfs*23 (c.530_536del)	Not provided	Sequence	False
1907	VHL	R177fs (c.528del)	Frameshift Truncation;Minus 1 Frameshift Variant	Sequence	True
3044	VHL	R197_L198ins7(c.572_592dup)	Not provided	Copy Number	False
4208	VHL	R200W (c.598C>T) and c.340+694_340+711dup	Not provided	Copy Number	False
876	GNAS	R201	Amino Acid Substitution	Sequence	True
4095	VHL	R205Hfs*50 (c.614_615del)	Not provided	Sequence	False
3658	VHL	R205fs (c.614_615delGC)	Not provided	Sequence	False
2723	TP53	R248	Not provided	Sequence	False
119	TP53	R249	Protein Altering Variant	Sequence	True
2725	TP53	R273	Not provided	Sequence	False
5173	DICER1	R392fs	Not provided	Sequence	False
1964	VHL	R60FS (c.179delG)	Frameshift Truncation	Sequence	True
2302	VHL	R60fs (c.178_179del)	Frameshift Truncation;Minus 2 Frameshift Variant	Sequence	False
735	MLH1	R687FS	Frameshift Variant	Sequence	True
2510	VHL	R69AFS*63 (c.204_205insG)	Frameshift Variant	Sequence	False
4079	VHL	R69Afs*63 (c.204dup)	Not provided	Other	False
1948	VHL	R69fs (c.204insG)	Not provided	Sequence	True
1165	ATM	R777FS	Frameshift Variant	Sequence	False
3411	TEK	R849W and R1108*	Not provided	Sequence	False
32	DNMT3A	R882	Missense Variant	Sequence	True
4542	DICER1	RNase IIIb Mutation	Not provided	Region-Defined	False
332	FNTB	RS11623866	Regulatory Region Variant	Other	True
338	MGMT	RS16906252	Synonymous Variant	Other	True
643	CBLB	RS2305035	Synonymous Variant;Polymorphic Sequence Variant	Other	True
421	TERT	RS2736100	Coding Transcript Intron Variant;Polymorphic Sequence Variant	Other	True
699	SH2B3	RS3184504	Missense Variant;Polymorphic Sequence Variant	Other	True
779	TYMS	RS34743033	Not provided	Other	True
642	MDM2	RS34886328	3 Prime UTR Truncation	Other	True
482	KIT	RS3733542	Synonymous Variant	Other	True
641	CDKN2A	RS3814960	5 Prime UTR Exon Variant	Other	True
331	WEE1	RS3910384	Intron Variant;Polymorphic Sequence Variant	Other	True
777	SLCO1B1	RS4149056	Missense Variant;Polymorphic Sequence Variant	Other	True
445	ETS2	RS461155	Synonymous Variant	Other	True
548	PPP1R15A	RS557806	Missense Variant;Polymorphic Sequence Variant	Other	True
254	KRAS	RS61764370	3 Prime UTR Variant	Other	True
740	DPYD	RS67376798 HOMOZYGOSITY	Polymorphic Sequence Variant	Other	True
255	ERCC5	RS751402	5 Prime UTR Variant;Snp	Other	True
1863	EGFR	Rare Exon 18-21 Mutation	Exon Variant	Rearrangement	True
2334	EGFR	Rare Mutation	Not provided	Other	True
3222	PIK3CA	Rare Mutation	Not provided	Other	True
2439	VHL	Rearrangement	Not provided	Rearrangement	True
3141	KMT2A	Rearrangement	Not provided	Rearrangement	False
4328	MYB	Rearrangement	Not provided	Rearrangement	True
4575	FOXR2	Rearrangement	Not provided	Rearrangement	True
4595	FOS	Rearrangement	Not provided	Rearrangement	False
4596	FOSB	Rearrangement	Not provided	Rearrangement	False
4743	MYBL1	Rearrangement	Not provided	Rearrangement	True
4993	MN1	Rearrangement	Not provided	Rearrangement	True
5031	TP53	Rearrangement	Rearranged At Dna Level	Rearrangement	False
4003	PDGFB	Rearrangement 	Not provided	Rearrangement	False
4338	CRLF2	Rearrangement 	Not provided	Rearrangement	False
1762	VHL	S111FS (c.331delA)	Frameshift Truncation	Sequence	True
2517	VHL	S111fs (c.332del)	Frameshift Truncation;Minus 1 Frameshift Variant	Sequence	False
3080	VHL	S139fs	Not provided	Sequence	False
2316	VHL	S139fs (c.415insC)	Not provided	Sequence	False
616	B2M	S14FS	Frameshift Truncation	Sequence	True
2004	VHL	S168FS (c.503delG)	Frameshift Truncation	Sequence	False
4154	VHL	S168Tfs*2 (c.503_513del)	Not provided	Sequence	False
2100	VHL	S183fs (c.548delC)	Frameshift Variant	Sequence	False
2856	ROS1	S1986Y/F	Not provided	Sequence	False
138	NOTCH1	S2275FS	Plus 1 Frameshift Variant	Sequence	True
497	ERBB2	S310F/Y	Missense Variant	Sequence	True
128	U2AF1	S34Y/F	Missense Variant	Sequence	True
4231	VHL	S43_E47dup (c.123_137dup)	Not provided	Copy Number	False
3257	AKT1	S473 Phosphorylation	Not provided	Epigenetic Modification	True
3329	FLT3	S574Δ	Not provided	Other	False
2130	VHL	S65FS (c.194delC)	Frameshift Truncation	Sequence	True
1676	FBXW7	S668FS*39	Not provided	Sequence	False
720	EGFR	S720	Protein Altering Variant	Sequence	True
3015	VHL	S72Afs*? (c.213_214insGCCC)	Not provided	Sequence	False
3704	VHL	S72fs (c.214_215insGCCC)	Not provided	Sequence	False
1816	VHL	S72fs (c.214del)	Frameshift Truncation;Minus 1 Frameshift Variant	Sequence	True
2462	VHL	S72fs (c.216delC)	Frameshift Truncation	Sequence	False
1511	EGFR	S768_D770dup	Inframe Insertion	Copy Number	True
4109	VHL	S80Ifs*79 (c.239del)	Not provided	Sequence	False
2512	VHL	S80fs (c.239_245del)	Frameshift Truncation;Minus 1 Frameshift Variant	Sequence	False
2511	VHL	S80fs (c.239del)	Frameshift Truncation;Minus 1 Frameshift Variant	Sequence	True
451	ABCB1	S893A/T	Missense Variant	Sequence	True
416	ERBB2	SERUM LEVELS	N/A	Expression	True
487	MMP2	SERUM LEVELS	N/A	Expression	True
488	MMP9	SERUM LEVELS	N/A	Expression	True
411	STAT3	SH2 DOMAIN MUTATION	Protein Altering Variant	Region-Defined	True
495	MDM2	SNP309	Coding Transcript Intron Variant	Sequence	True
5049		ST-EPN-ZFTA	Not provided	Genome Feature	True
3108	VHL	Single Allele Deletion	Not provided	Genotype/Haplotype	False
4425	SMARCB1	Single nucleotide variant	Not provided	Sequence	False
2518	VHL	Splice Region (c.340 3_340 10delACGGGCCCinsCG)	Not provided	Other	False
4162	VHL	Splice Region (c.340+1_340+5del)	Not provided	Other	False
4226	VHL	Splice Region (c.340+2T>C)	Not provided	Other	False
2534	VHL	Splice Region (c.340+3_340+10delinsCG)	Splice Donor Variant	Other	False
2104	VHL	Splice Region (c.340+5G>C)	Intron Variant	Other	True
2461	VHL	Splice Region (c.463+3A>C)	Not provided	Other	False
2065	VHL	Splice Region (c.463+3A>G)	Splice Donor Region Variant	Other	False
2146	VHL	Splice Region (c.463+3A>T)	Splice Donor Region Variant	Other	False
2292	VHL	Splice Region (c.463+8C>T)	Splicing Variant	Other	True
3107	VHL	Splice Region (c.464-3C>T)	Not provided	Other	False
1681	JAK2	Splice Site (c.1641+2T>G)	Splice Donor Variant	Other	True
5091	NF1	Splice Site (c.1845+1G>A)	Not provided	Other	False
5090	NF1	Splice Site (c.205-1G>C)	Not provided	Other	False
5123	NF1	Splice Site (c.2850+1G>A)	Not provided	Other	False
4540	MET	Splice Site (c.2888-21_2888-20delinsGC)	Not provided	Other	False
4539	MET	Splice Site (c.2888_2919del)	Not provided	Other	False
4538	MET	Splice Site (c.2888_3028del)	Not provided	Other	False
4521	MET	Splice Site (c.3025_3028+5del)	Not provided	Other	False
4642	MET	Splice Site (c.3027_3028+21delAGGTATATTTCAGTTTATTGTTC	Not provided	Other	False
4374	MET	Splice Site (c.3028+1G>T)	Splice Donor Variant	Other	False
4377	MET	Splice Site (c.3028+2T>C)	Splice Donor Variant	Other	False
4544	MET	Splice Site (c.3028+3A>G)	Not provided	Other	False
4386	MET	Splice Site (c.3028G>A)	Splice Donor Variant	Other	True
5132	NF1	Splice Site (c.3113+1G>A)	Not provided	Other	False
2114	VHL	Splice Site (c.340+1G>A)	Splice Donor Variant	Other	True
2074	VHL	Splice Site (c.340+1G>T)	Splice Donor Variant	Other	False
4086	VHL	Splice Site (c.340+2_340+6del)	Not provided	Other	False
4254	VHL	Splice Site (c.340+563C>T)	Not provided	Other	False
4255	VHL	Splice Site (c.340+578C>T)	Not provided	Other	False
4256	VHL	Splice Site (c.340+617C>G)	Not provided	Other	False
4257	VHL	Splice Site (c.340+682T>C)	Not provided	Other	False
4258	VHL	Splice Site (c.340+725A>T)	Not provided	Other	False
4259	VHL	Splice Site (c.340+866C>A)	Not provided	Other	False
2017	VHL	Splice Site (c.341-1G>A)	Splice Acceptor Variant	Other	False
2454	VHL	Splice Site (c.341-1G>T)	Splice Acceptor Variant	Other	False
2133	VHL	Splice Site (c.341-2A>C)	Splice Acceptor Variant	Other	True
2504	VHL	Splice Site (c.341-2A>G)	Not provided	Other	False
4243	VHL	Splice Site (c.341-3T>G)	Not provided	Other	False
3436	VHL	Splice Site (c.341-6C>T)	Not provided	Other	False
5125	NF1	Splice Site (c.3871-1G>C)	Not provided	Other	False
5126	NF1	Splice Site (c.4110+1G>T)	Not provided	Other	False
1972	VHL	Splice Site (c.463+1G>A)	Splice Donor Variant	Other	False
1998	VHL	Splice Site (c.463+1G>C)	Splice Donor Variant	Other	True
2048	VHL	Splice Site (c.463+1G>T)	Splice Donor Variant	Other	False
2075	VHL	Splice Site (c.463+2T>C)	Splice Donor Variant	Other	True
1974	VHL	Splice Site (c.464-1G>A)	Splice Acceptor Variant	Other	True
2077	VHL	Splice Site (c.464-1G>C)	Splice Acceptor Variant	Other	True
1990	VHL	Splice Site (c.464-1G>T)	Splice Acceptor Variant	Other	True
2093	VHL	Splice Site (c.464-2A>C)	Splice Acceptor Variant	Other	False
2078	VHL	Splice Site (c.464-2A>G)	Splice Acceptor Variant	Other	True
1992	VHL	Splice Site (c.464-2A>T)	Splice Acceptor Variant	Other	True
5094	NF1	Splice Site (c.654+2T>A)	Not provided	Other	False
3370	VHL	Splice site (c.463+2A>C)	Not provided	Other	False
3150	VHL	T100Nfs*32 (c.298dupA)	Not provided	Other	False
2471	VHL	T104fs (c.313_315delC)	Not provided	Sequence	False
3409	TEK	T1105N and T1106N	Not provided	Sequence	False
4389	ALK	T1151dup	Inframe Insertion	Copy Number	True
1905	VHL	T124fs (c.369del)	Frameshift Truncation;Minus 1 Frameshift Variant	Sequence	False
2314	VHL	T124fs (c.370_371insTGCAGGA)	Not provided	Sequence	False
3738	VHL	T133Nfs*2 (c.397dup)	Not provided	Other	False
1843	VHL	T133fs (c.397del)	Minus 1 Frameshift Variant;Frameshift Truncation	Sequence	True
2556	VHL	T133fs*157 (c.397_400delACTG)	Frameshift Truncation	Sequence	False
810	RUNX1	T148HFSX9	Frameshift Truncation	Sequence	True
2091	VHL	T152fs (c.455insA)	Not provided	Sequence	True
2323	VHL	T157fs (c.469delA)	Frameshift Truncation	Sequence	False
2092	VHL	T157fs (c.472ins)	Not provided	Sequence	True
491	HSPH1	T17 DELETION	Short Tandem Repeat Variation	Sequence	True
2733	TP53	T170	Not provided	Sequence	False
385	PRKAA2	T172 PHOSPHORYLATION	N/A	Epigenetic Modification	True
2142	VHL	T202fs (c.606insA)	Not provided	Sequence	True
1298	BRAF	T599dup	Not provided	Copy Number	False
2669	TGFBR3	TGFBR3	Not provided	Sequence	False
56	FLT3	TKD MUTATION	Not provided	Gene Function	True
2371	ABL1	TKD Mutation	Not provided	Gene Function	True
4696	RET	TKD Mutation	Not provided	Gene Function	False
3473	TNC	TNC-L	Not provided	Expression	False
3486	TOP2A	TOP2A/90	Not provided	Other	False
590	BIRC3	TRUNCATING MUTATION	Frameshift Variant	Sequence	True
708	BRCA2	TRUNCATING MUTATION	Feature Truncation	Sequence	True
5158		TTYH1::C19MC fusion	Not provided	Region-Defined	True
4432	SNCAIP	Tandem duplication	Not provided	Copy Number	False
4428	MYC	Translocation	Not provided	Rearrangement	False
4429	BCL2	Translocation	Not provided	Rearrangement	False
4430	BCL6	Translocation	Not provided	Rearrangement	False
4500	FGFR1	Translocation	Not provided	Rearrangement	True
5066	KMT2A	Translocation	Not provided	Rearrangement	False
223	TP53	Truncating Mutation	Frameshift Truncation	Sequence	True
4882	MYB	Truncation	Not provided	Sequence	True
4998		Type 16	Not provided	Genome Feature	False
4997		Type 18	Not provided	Genome Feature	False
5056	UBTF	UBTF-TD	Not provided	Rearrangement	False
729	UGT1A1	UGT1A1*28	Microsatellite	Genotype/Haplotype	True
732	UGT1A1	UGT1A1*60	Microsatellite	Genotype/Haplotype	True
417	THBS2	UNDEREXPRESSION	N/A	Expression	True
441	LEPR	UNDEREXPRESSION	N/A	Expression	True
446	KRT18	UNDEREXPRESSION	N/A	Expression	True
498	MIR218-1	UNDEREXPRESSION	N/A	Expression	True
2418	SPRY2	UNDEREXPRESSION	Not provided	Expression	False
179	ATM	Underexpression	N/A	Expression	True
282	SMAD4	Underexpression	N/A	Expression	True
304	STK11	Underexpression	N/A	Expression	True
349	SMARCA4	Underexpression	N/A	Expression	True
382	TYMS	Underexpression	N/A	Expression	True
403	BRCA1	Underexpression	N/A	Expression	True
422	STAG2	Underexpression	N/A	Expression	True
473	ALDH1A2	Underexpression	N/A	Expression	True
475	CIP2A	Underexpression	N/A	Expression	True
648	ATRX	Underexpression	N/A	Expression	True
654	STAG3	Underexpression	N/A	Expression	True
695	SMARCB1	Underexpression	N/A	Expression	True
867	MTAP	Underexpression	Not provided	Expression	True
868	VPS37A	Underexpression	N/A	Expression	True
1255	MGMT	Underexpression	N/A	Expression	True
1257	RRM1	Underexpression	N/A	Expression	True
2108	ARID1A	Underexpression	N/A	Expression	True
2164	CX3CL1	Underexpression	Not provided	Expression	False
2384	PBLD	Underexpression	Not provided	Expression	False
2386	ERRFI1	Underexpression	Not provided	Expression	False
2392	PTPN6	Underexpression	Not provided	Expression	False
2409	ERCC1	Underexpression	N/A	Expression	True
2412	FGFR2	Underexpression	Not provided	Expression	False
2718	CCNE1	Underexpression	Not provided	Expression	True
3459	AR	V1 expression	Not provided	Expression	False
1167	ATM	V1268FS	Frameshift Variant	Sequence	False
3366	VHL	V130Wfs*30 (c.385_386dup)	Not provided	Other	False
2477	VHL	V155fs (c.464_468delTGTAT)	Not provided	Sequence	False
4091	VHL	V165Lfs*5 (c.492del)	Not provided	Sequence	False
4279	VHL	V165fs (c.493del)	Not provided	Sequence	False
3089	VHL	V166Dfs*9 (c.480_481insCGATGCCTCCAGGT)	Not provided	Sequence	False
3362	VHL	V166SFS*4 (c.496_506del)	Not provided	Sequence	False
2325	VHL	V166fs (c.498delC)	Not provided	Sequence	False
1847	VHL	V181fs (c.540_543del)	Frameshift Truncation;Minus 1 Frameshift Variant	Sequence	True
3086	VHL	V181fs (c.541delG)	Not provided	Sequence	False
1977	VHL	V194fs (c.581_582del)	Minus 2 Frameshift Variant	Sequence	True
750	MLH1	V213FS	Frameshift Truncation	Sequence	True
137	NOTCH1	V2444FS	Frameshift Variant	Sequence	True
762	MSH2	V273FS	Frameshift Variant	Sequence	True
605	PTEN	V317FS	Frameshift Variant	Sequence	True
1316	KIT	V559	Not provided	Sequence	False
3461	AR	V567es expression	Not provided	Expression	False
17	BRAF	V600	Protein Altering Variant	Sequence	True
2820	BRAF	V600_K601>E	Not provided	Rearrangement	True
2821	BRAF	V600_S602>DT	Not provided	Rearrangement	False
3184	VHL	V62Cfs*5 (c.180del)	Not provided	Sequence	True
2509	VHL	V62Efs*71 (c.185_193delTGCTGCGCTinsAGCA)	Not provided	Sequence	False
3189	VHL	V62Gfs*66 (c.185_195del)	Not provided	Sequence	False
3261	VHL	V62fs (c.180delG)	Not provided	Sequence	False
2447	VHL	V66Gfs*89 (c.197_209del)	Not provided	Sequence	True
2445	VHL	V74Sfs*53 (c.219_232delGGTCATCTTCTGCA)	Not provided	Sequence	False
2270	VHL	V74fs (c.213_232del)	Frameshift Truncation;Minus 2 Frameshift Variant	Sequence	False
4281	VHL	V74fs (c.220del)	Not provided	Sequence	False
1310	ERBB2	V773	Not provided	Sequence	False
2548	VHL	V84fs (c.249_255del)	Not provided	Sequence	False
4179	VHL	V87Gfs*71(c.260_263del) and P81S(c.241C>T)	Not provided	Sequence	False
3741	VHL	V87fs (c.255_256insC)	Not provided	Sequence	True
2432	VHL	V87fs (c.259_260insA)	Plus 1 Frameshift Variant;Frameshift Truncation	Sequence	True
2159	AR	V9 EXPRESSION	Not provided	Expression	False
3321	VEGFA	VEGF165b Overexpression	Not provided	Expression	False
312	EGFR	VIII	Disruptive Inframe Deletion	Gene Function	True
3142	VHL	W117Cfs*42 (c.351del)	Not provided	Sequence	False
2027	VHL	W117fs (c.349dup)	Plus 1 Frameshift Variant;Frameshift Truncation	Other	True
3634	VHL	W117fs (c.349dupT)	Not provided	Other	False
2728	TP53	W146	Not provided	Sequence	False
87	NPM1	W288FS	Frameshift Elongation	Sequence	True
176	AR	W742	Missense Variant	Sequence	True
2039	VHL	W88FS (c.263_265delGGCinsTT)	Frameshift Variant;Delins	Sequence	True
2299	VHL	W88fs (c.261dup)	Plus 1 Frameshift Variant;Frameshift Truncation	Other	True
369	TP53	Wildtype	Wild Type	Genotype/Haplotype	True
426	BRAF	Wildtype	Wild Type	Genotype/Haplotype	True
2174	EGFR	Wildtype	Wild Type	Genotype/Haplotype	True
2590	PIK3CA	Wildtype	Wild Type	Genotype/Haplotype	True
2651	KIT	Wildtype	Wild Type	Genotype/Haplotype	True
3200	KRAS	Wildtype	Wild Type	Genotype/Haplotype	True
4465	NRAS	Wildtype	Not provided	Genotype/Haplotype	False
4647	RB1	Wildtype	Not provided	Genotype/Haplotype	True
4746	ARID1A	Wildtype	Not provided	Genotype/Haplotype	True
390	EGFR	Y1092 PHOSPHORYLATION	N/A	Epigenetic Modification	True
3739	VHL	Y175Tfs*27 (c.523del)	Not provided	Sequence	False
245	NF2	Y177fs	Frameshift Elongation	Sequence	True
2720	TP53	Y205	Not provided	Sequence	False
3327	FLT3	Y572Δ	Not provided	Other	False
165	EZH2	Y646	Protein Altering Variant	Sequence	True
3055	FLT3	Y693	Not provided	Sequence	False
1672	EGFR	Y69FS*11	Frameshift Variant	Sequence	False
414	ERBB2	Y772_A775DUP	Inframe Insertion	Copy Number	True
5095	NF1	Y794fs*27	Not provided	Sequence	False
3410	TEK	Y897C and R915C	Not provided	Sequence	False
3352	VHL	Y98Afs(c.282_291dup)	Not provided	Other	False
852	VHL	Y98FS (c.291_310del20)	Frameshift Truncation	Sequence	True
2160	VHL	Y98FS (c.291delC)	Frameshift Truncation	Sequence	True
3481	ESR2	alternative transcripts	Not provided	Other	False
3477	ESR2	beta-2 and beta-5	Not provided	Other	False
2634	VHL	c.-61_-51dup11	Not provided	Copy Number	False
3174	VHL	c.-65_-55dup11	Not provided	Copy Number	False
3727	FLCN	c.1285dupC	Not provided	Copy Number	True
615	JAK2	c.1641+1dup	Not provided	Copy Number	True
4197	VHL	c.341-59_341-14del AND F136fs (c.408delT)	Not provided	Sequence	False
2507	VHL	c.516_517dupGTCAAGCCT and c.532_542delCTGGACATCGTinsATTA	Not provided	Copy Number	False
3047	VHL	c.56_57DupInvCGGGAGGC	Not provided	Copy Number	False
3101	VHL	c.–65_–55dup11	Not provided	Copy Number	False
4191	VHL	c.–65_–55dup11 AND  3' UTR alteration (c.*1149A>G)	Not provided	Other	False
3511	CD19	delta-ex2, delta-ex5-6	Not provided	Other	False
3487	BRCA1	delta11q	Not provided	Other	False
3482	LGR5	delta5	Not provided	Other	False
5027		e10::e18	Transcript Fusion	Fusion	False
4699		e15::e11	Transcript Fusion	Fusion	False
4750		e1::e4	Transcript Fusion	Fusion	False
500		e20::e20	Transcript Fusion	Fusion	True
5026		e24::e10	Transcript Fusion	Fusion	False
5149		e24::e15	Not provided	Fusion	False
5144		e24::e4	Transcript Fusion	Fusion	True
501		e2::e20	Transcript Fusion	Fusion	True
4881		e4::e1	Transcript Fusion	Fusion	False
5063		e4::e18	Transcript Fusion	Fusion	False
3204		e6::e19	Transcript Fusion	Fusion	False
503		e6::e20	Transcript Fusion	Fusion	True
4880		e6::e7	Transcript Fusion	Fusion	False
5150		e7::e35	Not provided	Fusion	True
164		e7::e6	Transcript Fusion	Fusion	True
2349	IL7R	exon 6 mutations	Not provided	Rearrangement	False
3752	SSTR5	expression	Not provided	Expression	True
4416	EZH2	expression	Not provided	Expression	True
2226	BRAF	intron 10 rearrangement	Not provided	Rearrangement	True
2225	BRAF	intron 9 rearrangement	Not provided	Rearrangement	True
5065	FAAP20	loss	Not provided	Gene Function	False
5015	MAP2K4	loss-of-function Mutation	Not provided	Gene Function	False
4817	TMEM30A	loss-of-function mutation	Not provided	Gene Function	False
2814	DRD5	low expression	Not provided	Expression	False
3323	VEGFA	low ratio of VEGF165b/VEGFtotal	Not provided	Expression	False
2845	HOXD8	mutation	Not provided	Region-Defined	False
4436	CHEK2	mutation	Not provided	Region-Defined	True
4463	TSC1	mutation	Not provided	Region-Defined	False
4464	TSC2	mutation	Not provided	Region-Defined	False
4754	CCND3	mutation	Not provided	Region-Defined	False
4755	BCL7A	mutation	Not provided	Region-Defined	False
4756	CHD8	mutation	Not provided	Region-Defined	False
4757	FBXO11	mutation	Not provided	Region-Defined	False
4758	FOXO1	mutation	Not provided	Region-Defined	False
4759	GNA13	mutation	Not provided	Region-Defined	False
4760	WNK1	mutation	Not provided	Region-Defined	False
4761	USP7	mutation	Not provided	Region-Defined	False
4762	TFAP4	mutation	Not provided	Region-Defined	False
4763	TCF3	mutation	Not provided	Region-Defined	False
4764	SIN3A	mutation	Not provided	Region-Defined	False
4765	RFX7	mutation	Not provided	Region-Defined	False
4766	PCBP1	mutation	Not provided	Region-Defined	False
4767	P2RY8	mutation	Not provided	Region-Defined	False
4768	KMT2D	mutation	Not provided	Region-Defined	False
4769	BMP7	mutation	Not provided	Region-Defined	False
4770	EIF4A1	mutation	Not provided	Region-Defined	False
4771	GNAI2	mutation	Not provided	Region-Defined	False
4772	HNRNPU	mutation	Not provided	Region-Defined	False
4773	ID3	mutation	Not provided	Region-Defined	False
4774	BIRC3	mutation	Not provided	Region-Defined	False
4775	DAZAP1	mutation	Not provided	Region-Defined	False
4776	EWSR1	mutation	Not provided	Region-Defined	False
4784	MEF2B	mutation	Not provided	Region-Defined	False
5172	TET1	mutation	Not provided	Region-Defined	False
5180	BAX	mutation	Not provided	Region-Defined	False
3322	VEGFA	overexpression of VEGF-Axxxa	Not provided	Expression	False
2411	SDHB	p.193_196dupSTSC (c.577_588dupAGCACCAGCTGC)	Inframe Insertion	Copy Number	True
5097	NF1	p.H2393fs*3	Not provided	Sequence	False
4247	VHL	p.L159Es*15 (c.473dup)	Not provided	Copy Number	False
3057	GATA1	p.Ser51Alafs*86	Not provided	Sequence	False
272	CDKN2A	p16 Expression	N/A	Expression	True
4659	CDKN2A	p16 R80*	Not provided	Sequence	False
3512	BRAF	p61BRAF(V600E)	Not provided	Genotype/Haplotype	False
5067	CLDN18	positive	Not provided	Expression	False
5168	MECOM	rearrangement	Not provided	Rearrangement	True
5162	EPOR	rearrangements	Not provided	Rearrangement	True
3313	CDKN1A	rs1059234	Not provided	Other	True
4980	AXIN2	rs143348853	Not provided	Other	False
2787	PRNCR1	rs1456315	Not provided	Other	False
256	KIT	rs17084733	3 Prime UTR Variant	Other	True
2671	CDKN1A	rs1801270	Not provided	Other	True
3314	CDKN1A	rs1801270 and rs1059234	Not provided	Other	False
705	GADD45A	rs681673	Coding Transcript Intron Variant	Other	True
3703	GALNT14	rs9679162	Not provided	Other	False
4284	VHL	t(1;3)(p36.3;p25)	Not provided	Rearrangement	False
2429	VHL	t(1;3)(q32;q13.3)	Not provided	Rearrangement	False
2876	VHL	t(2;3)(q35;q21)	Not provided	Rearrangement	False
3265	VHL	t(3;12)(q13.13;q24.23)	Not provided	Rearrangement	False
4009	VHL	t(3;12)(q13.2;q24.1)	Not provided	Rearrangement	False
3524	MECOM	t(3;21)(q26.2;q22)	Not provided	Rearrangement	False
3264	VHL	t(3;6)(p12.3;q24.3)	Not provided	Rearrangement	False
3351	VHL	t(3;8)(p13;q24.1)	Not provided	Rearrangement	False
3478	ESR2	underexpression beta-1	Not provided	Other	False
3508	CD274	v242	Not provided	Sequence	False
5159		v::C19MC fusion	Not provided	Region-Defined	True
