variant_id	query	query_type	variant_accepted	civic_variant_types	exception_raised	message	warnings
4170	VHL 3'UTR alteration (c.*70C>T)	cdna_genomic	False	Not provided	False	unable to normalize	"['Unable to tokenize: (c.*70C>T)', ""Unable to tokenize: 3'UTR"", 'Unable to tokenize: alteration']"
4232	BRCA1 c.212+1G>T	cdna_genomic	False	Not provided	False	unable to normalize	['Unable to tokenize: c.212+1G>T']
748	MLH1 *757L	protein	True	Stop Lost	False	unable to normalize	['Unable to tokenize: *757L']
2930	VHL 106insR (c.316insGCC)	cdna_genomic	True	Not provided	False	unable to normalize	['Unable to tokenize: (c.316insGCC)', 'Unable to tokenize: 106insR']
3102	VHL 3' UTR alteration (c.*1149A>G)	cdna_genomic	False	Not provided	False	unable to normalize	"['Unable to tokenize: (c.*1149A>G)', ""Unable to tokenize: 3'"", 'Unable to tokenize: alteration']"
2152	VHL 3'UTR alteration (c.*70C>A)	cdna_genomic	True	3 Prime UTR Variant	False	unable to normalize	"['Unable to tokenize: (c.*70C>A)', ""Unable to tokenize: 3'UTR"", 'Unable to tokenize: alteration']"
2024	VHL 3'UTR alteration (c.639+10C>G)	cdna_genomic	True	3 Prime UTR Variant	False	unable to normalize	"['Unable to tokenize: (c.639+10C>G)', ""Unable to tokenize: 3'UTR"", 'Unable to tokenize: alteration']"
2028	VHL A122I (c.364_365GC>AT)	cdna_genomic	True	Missense Variant	False	unable to normalize	['Unable to tokenize: (c.364_365GC>AT)']
3195	VHL A149fs (c.444dup)	cdna_genomic	False	Plus 1 Frameshift Variant;Frameshift Truncation	False	unable to normalize	['Unable to tokenize: (c.444dup)']
2482	VHL A149fs (c.446delG)	cdna_genomic	False	Not provided	False	unable to normalize	['Unable to translate VHL A149fs (c.446delG)']
2023	VHL A149fs (c.449del14-nt)	cdna_genomic	True	Not provided	False	unable to normalize	['Unable to tokenize: (c.449del14-nt)']
2962	RUNX1 A28fsX109 (c.83insG)	cdna_genomic	False	Not provided	False	unable to normalize	['Unable to tokenize: (c.83insG)', 'Unable to tokenize: A28fsX109']
2442	VHL A50= (c.150C>G) and Splice Site (c.463-1G>T)	cdna_genomic	False	Not provided	False	unable to normalize	['Unable to tokenize: (c.463-1G>T)', 'Unable to tokenize: Site', 'Unable to tokenize: Splice', 'Unable to tokenize: and']
2144	VHL A56fs (c.166dup)	cdna_genomic	True	Plus 1 Frameshift Variant	False	unable to normalize	['Unable to tokenize: (c.166dup)']
3718	AR A748V	protein	False	Not provided	False	unable to normalize	['Unable to translate AR A748V']
3725	AR A765T	protein	False	Not provided	False	unable to normalize	['Unable to translate AR A765T']
4485	ERBB2 A775_G776ins YVMA	protein	False	Not provided	False	unable to normalize	['Unable to tokenize: A775_G776ins', 'Unable to tokenize: YVMA']
3170	VHL C162Wfs*12(c.485dupG)	cdna_genomic	False	Not provided	False	unable to normalize	['Unable to tokenize: C162Wfs*12(c.485dupG)']
4181	VHL C162Y(c.486C>G) and L188V(c.562C>G) and P81S(c.241C>T) and F119L(c.357C>G)	cdna_genomic	False	Not provided	False	unable to normalize	['Unable to tokenize: C162Y(c.486C>G)', 'Unable to tokenize: F119L(c.357C>G)', 'Unable to tokenize: L188V(c.562C>G)', 'Unable to tokenize: P81S(c.241C>T)', 'Unable to tokenize: and']
248	TERT C228T	protein	True	Regulatory Region Variant	False	unable to normalize	['Unable to translate TERT C228T']
4004	TERT C250T	protein	False	Regulatory Region Variant	False	unable to normalize	['Unable to translate TERT C250T']
2132	VHL C77fs (c.228dup)	cdna_genomic	True	Not provided	False	unable to normalize	['Unable to tokenize: (c.228dup)']
4207	VHL D143= (c.429C>T) and c.340+770T>C	cdna_genomic	False	Not provided	False	unable to normalize	['Unable to tokenize: and', 'Unable to tokenize: c.340+770T>C']
2479	VHL D197Rfs* (c.588_588dupA)	cdna_genomic	False	Not provided	False	unable to normalize	['Unable to tokenize: (c.588_588dupA)', 'Unable to tokenize: D197Rfs*']
3706	AR D221H	protein	False	Not provided	False	unable to normalize	['Unable to translate AR D221H']
3713	AR D528G	protein	False	Not provided	False	unable to normalize	['Unable to translate AR D528G']
2833	NECTIN4 D594H	protein	False	Not provided	False	unable to normalize	['Unable to translate NECTIN4 D594H']
4192	VHL Deletion AND I151S(c.452T>G)	cdna_genomic	False	Not provided	False	unable to normalize	['Unable to tokenize: AND', 'Unable to tokenize: Deletion', 'Unable to tokenize: I151S(c.452T>G)']
4193	VHL Deletion AND R200W (c.598C>T)	cdna_genomic	False	Not provided	False	unable to normalize	['Unable to tokenize: AND', 'Unable to tokenize: Deletion']
4194	VHL Deletion AND R69C (c.205C>T)	cdna_genomic	False	Not provided	False	unable to normalize	['Unable to tokenize: AND', 'Unable to tokenize: Deletion']
3707	AR E198G	protein	False	Not provided	False	unable to normalize	['Unable to translate AR E198G']
4077	VHL E55Gfs*77 (c.163dup)	cdna_genomic	False	Not provided	False	unable to normalize	['Unable to tokenize: (c.163dup)', 'Unable to tokenize: E55Gfs*77']
3654	VHL E55fs (c.163dupG)	cdna_genomic	False	Not provided	False	unable to normalize	['Unable to tokenize: (c.163dupG)']
1631	FLT3 E588_Y589INSKYFYVDFRE	protein	False	Inframe Insertion	False	unable to normalize	['Unable to tokenize: E588_Y589INSKYFYVDFRE']
4420	HBB E6V	protein	False	Not provided	False	unable to normalize	['Unable to translate HBB E6V']
4169	VHL Exon 1-3 Deletion and Splice Region (c.340+5G>C)	cdna_genomic	False	Not provided	False	unable to normalize	['Unable to tokenize: (c.340+5G>C)', 'Unable to tokenize: 1-3', 'Unable to tokenize: Deletion', 'Unable to tokenize: Exon', 'Unable to tokenize: Region', 'Unable to tokenize: Splice', 'Unable to tokenize: and']
4250	VHL Exon 3 deletion (c.464-11 T>A)	cdna_genomic	False	Not provided	False	unable to normalize	['Unable to tokenize: (c.464-11', 'Unable to tokenize: 3', 'Unable to tokenize: Exon', 'Unable to tokenize: T>A)', 'Unable to tokenize: deletion']
2558	VHL F137fs (c.408insT)	cdna_genomic	False	Not provided	False	unable to normalize	['Unable to tokenize: (c.408insT)']
457	FCGR3A F212V	protein	True	Missense Variant	False	unable to normalize	['Unable to translate FCGR3A F212V']
3450	BRAF F594L	protein	False	Not provided	False	unable to normalize	['Unable to translate BRAF F594L']
4083	VHL F76* (c.227T>A; c.228C>A)	cdna_genomic	False	Not provided	False	unable to normalize	['Unable to tokenize: (c.227T>A;', 'Unable to tokenize: c.228C>A)']
2158	VHL F76fs (c.222_225dup)	cdna_genomic	False	Plus 1 Frameshift Variant	False	unable to normalize	['Unable to tokenize: (c.222_225dup)']
2551	VHL G104fs*158 (c.311delC)	cdna_genomic	False	Not provided	False	unable to normalize	['Unable to tokenize: G104fs*158']
3085	VHL G104fs*23 (c.309_322del14)	cdna_genomic	False	Not provided	False	unable to normalize	['Unable to tokenize: (c.309_322del14)', 'Unable to tokenize: G104fs*23']
2073	VHL G106fs (c.316insA)	cdna_genomic	False	Not provided	False	unable to normalize	['Unable to tokenize: (c.316insA)']
4174	VHL G114D (c.340+1G>A)	cdna_genomic	False	Not provided	False	unable to normalize	['Unable to tokenize: (c.340+1G>A)']
2129	VHL G114dup (c.342dupGGT)	cdna_genomic	True	Not provided	False	unable to normalize	['Unable to tokenize: (c.342dupGGT)', 'Unable to tokenize: G114dup']
2153	VHL G114fs (c.326_339dupTCCACAGCTACCGA)	cdna_genomic	False	Not provided	False	unable to normalize	['Unable to tokenize: (c.326_339dupTCCACAGCTACCGA)']
4211	VHL G144R (c.430G>A) and c.340+694_340+711dup	cdna_genomic	False	Not provided	False	unable to normalize	['Unable to tokenize: and', 'Unable to tokenize: c.340+694_340+711dup']
1949	VHL G144fs (c.432insG)	cdna_genomic	True	Not provided	False	unable to normalize	['Unable to tokenize: (c.432insG)']
3793	TP53 G177E	protein	False	Not provided	False	unable to normalize	['Unable to translate TP53 G177E']
3152	GNA11 G209P	protein	False	Not provided	False	unable to normalize	['Unable to translate GNA11 G209P']
3153	GNAQ G209P	protein	False	Not provided	False	unable to normalize	['Unable to translate GNAQ G209P']
3443	BRAF G465A	protein	False	Not provided	False	unable to normalize	['Unable to translate BRAF G465A']
3441	BRAF G468A	protein	False	Not provided	False	unable to normalize	['Unable to translate BRAF G468A']
4298	FGFR3 G802_X807del	protein	False	Stop Lost;Inframe Deletion	False	unable to normalize	['Unable to translate FGFR3 G802_X807del']
4185	VHL H115Pfs*44(c.344delA) and P61=(c.183C>G)	cdna_genomic	False	Not provided	False	unable to normalize	['Unable to tokenize: H115Pfs*44(c.344delA)', 'Unable to tokenize: P61=(c.183C>G)', 'Unable to tokenize: and']
2136	VHL H125fs (c.374insA)	cdna_genomic	True	Not provided	False	unable to normalize	['Unable to tokenize: (c.374insA)']
2095	VHL I151fs (c.452insA)	cdna_genomic	False	Not provided	False	unable to normalize	['Unable to tokenize: (c.452insA)']
3448	BRAF I462S	protein	False	Not provided	False	unable to normalize	['Unable to translate BRAF I462S']
2487	VHL I75del (c.221delTCA)	cdna_genomic	False	Not provided	False	unable to normalize	['Unable to translate VHL I75del (c.221delTCA)']
2134	VHL Intronic deletion (c.341-13delCGTTTCCAACAATTTCTCGGTGT)	cdna_genomic	True	Not provided	False	unable to normalize	['Unable to tokenize: (c.341-13delCGTTTCCAACAATTTCTCGGTGT)', 'Unable to tokenize: Intronic', 'Unable to tokenize: deletion']
4088	VHL K159Efs*15 (c.473dup)	cdna_genomic	False	Not provided	False	unable to normalize	['Unable to tokenize: (c.473dup)', 'Unable to tokenize: K159Efs*15']
1872	VHL K159fs (c.473dup)	cdna_genomic	True	Frameshift Variant	False	unable to normalize	['Unable to tokenize: (c.473dup)']
2137	VHL K159fs (c.474_476delGAAinsC)	cdna_genomic	True	Frameshift Variant	False	unable to normalize	['Unable to tokenize: (c.474_476delGAAinsC)']
2499	VHL K196fs (c.588insA)	cdna_genomic	False	Not provided	False	unable to normalize	['Unable to tokenize: (c.588insA)']
3023	PML K227_T233del	protein	False	Inframe Deletion	False	unable to normalize	['Unable to translate PML K227_T233del']
2815	H3C2 K27M	protein	True	Not provided	False	unable to normalize	['Unable to translate H3C2 K27M']
3939	H3-3A K27M	protein	False	Not provided	False	unable to normalize	['Unable to translate H3-3A K27M']
3944	H3C14 K27M	protein	False	Not provided	False	unable to normalize	['Unable to translate H3C14 K27M']
3594	H3-3A K27R	protein	False	Not provided	False	unable to normalize	['Unable to translate H3-3A K27R']
2420	H3-3B K36M	protein	True	Not provided	False	unable to normalize	['Unable to translate H3-3B K36M']
2622	KIT K484_G487DEL	protein	True	Not provided	False	unable to normalize	['Unable to tokenize: K484_G487DEL']
2696	KIT K550_K559DEL	protein	True	Not provided	False	unable to normalize	['Unable to tokenize: K550_K559DEL']
3455	BRAF K600E	protein	False	Not provided	False	unable to normalize	['Unable to translate BRAF K600E']
3714	AR K720E	protein	False	Not provided	False	unable to normalize	['Unable to translate AR K720E']
3294	VHL L101G (c.301_302delCTinsGG)	cdna_genomic	False	Not provided	False	unable to normalize	['Unable to tokenize: (c.301_302delCTinsGG)']
2381	VHL L118P (c.353T>C) and R107G  (c.319C>G)	cdna_genomic	False	Not provided	False	unable to normalize	['Unable to tokenize: and']
1768	VHL L129Q (c.386insAGA)	cdna_genomic	True	Not provided	False	unable to normalize	['Unable to tokenize: (c.386insAGA)']
4114	TP53 L139N	protein	True	Not provided	False	unable to normalize	['Unable to translate TP53 L139N']
3119	VHL L140PfsX4 (c.418dup)	cdna_genomic	False	Not provided	False	unable to normalize	['Unable to tokenize: (c.418dup)', 'Unable to tokenize: L140PfsX4']
3753	VHL L140Sfs*4 (c.417dup)	cdna_genomic	False	Not provided	False	unable to normalize	['Unable to tokenize: (c.417dup)', 'Unable to tokenize: L140Sfs*4']
1783	VHL L158fs (c.471dupT)	cdna_genomic	True	Frameshift Variant	False	unable to normalize	['Unable to tokenize: (c.471dupT)']
3480	VHL L198P (c.593T>C) and P25L (c.74C>T)	cdna_genomic	False	Not provided	False	unable to normalize	['Unable to tokenize: and']
424	MYD88 L265P	protein	True	Missense Variant;Gain Of Function Variant	False	unable to normalize	['Unable to translate MYD88 L265P']
1540	PDGFRA L579M	protein	False	Missense Variant	False	unable to normalize	['Unable to translate PDGFRA L579M']
1309	ERBB2 L638S	protein	False	Not provided	False	unable to normalize	['Unable to translate ERBB2 L638S']
3717	AR L744F	protein	False	Not provided	False	unable to normalize	['Unable to translate AR L744F']
2506	VHL L85_E94del (c.254_283del30bp)	cdna_genomic	False	Not provided	False	unable to normalize	['Unable to tokenize: (c.254_283del30bp)']
1925	VHL L85fs (c.253_254ins38)	cdna_genomic	False	Not provided	False	unable to normalize	['Unable to tokenize: (c.253_254ins38)']
847	VHL M1? (c.1-1_20del21)	cdna_genomic	True	Start Lost	False	unable to normalize	['Unable to tokenize: (c.1-1_20del21)', 'Unable to tokenize: M1?']
846	VHL M1FS (c.1_17del17)	cdna_genomic	True	Start Lost	False	unable to normalize	['Unable to tokenize: (c.1_17del17)']
3720	VHL M3I(c.3G>A) and M211L (c.631A>C)	cdna_genomic	False	Not provided	False	unable to normalize	['Unable to tokenize: M3I(c.3G>A)', 'Unable to tokenize: and']
1889	VHL M54fs (c.161dup)	cdna_genomic	True	Plus 1 Frameshift Variant;Frameshift Truncation	False	unable to normalize	['Unable to tokenize: (c.161dup)']
951	KIT M552_W557DEL	protein	False	Inframe Deletion	False	unable to normalize	['Unable to tokenize: M552_W557DEL']
1981	VHL N100fsX131 (c.298_299InsA)	cdna_genomic	False	Not provided	False	unable to normalize	['Unable to tokenize: (c.298_299InsA)', 'Unable to tokenize: N100fsX131']
4271	VHL N131*(c.390dupT)	cdna_genomic	False	Not provided	False	unable to normalize	['Unable to tokenize: N131*(c.390dupT)']
3759	VHL N174FS*29 (c.519insAA)	cdna_genomic	False	Not provided	False	unable to normalize	['Unable to tokenize: (c.519insAA)', 'Unable to tokenize: N174FS*29']
3719	AR N756D	protein	False	Not provided	False	unable to normalize	['Unable to translate AR N756D']
2762	NRG1 NRG1 FUSIONS	protein	False	Not provided	False	unable to normalize	['Unable to tokenize: FUSIONS']
1978	VHL Null (c.-678-?_340+?del)	cdna_genomic	False	Not provided	False	unable to normalize	['Unable to tokenize: (c.-678-?_340+?del)']
1979	VHL Null (c.-678-?_642+?del)	cdna_genomic	False	Not provided	False	unable to normalize	['Unable to tokenize: (c.-678-?_642+?del)']
4264	VHL Null (c.341+1_341–1)	cdna_genomic	False	Not provided	False	unable to normalize	['Unable to tokenize: (c.341+1_341–1)']
2495	VHL P138fs (c.410dup)	cdna_genomic	False	Plus 1 Frameshift Variant;Frameshift Truncation	False	unable to normalize	['Unable to tokenize: (c.410dup)']
4165	VHL P25L (c.74C>T) AND D126Rfs*6 (c.375_376insA) AND E55Rfs(c.163delG)	cdna_genomic	False	Not provided	False	unable to normalize	['Unable to tokenize: AND', 'Unable to tokenize: D126Rfs*6', 'Unable to tokenize: E55Rfs(c.163delG)']
3087	VHL P25L (c.74C>T) and P86T (c.256C>A)	cdna_genomic	False	Not provided	False	unable to normalize	['Unable to tokenize: and']
4176	VHL P2=(c.6C>G) and P81S(c.241C>T)	cdna_genomic	False	Not provided	False	unable to normalize	['Unable to tokenize: P2=(c.6C>G)', 'Unable to tokenize: P81S(c.241C>T)', 'Unable to tokenize: and']
3711	AR P340L	protein	False	Not provided	False	unable to normalize	['Unable to translate AR P340L']
2090	VHL P40fs (c.118ins)	cdna_genomic	True	Not provided	False	unable to normalize	['Unable to tokenize: (c.118ins)']
3712	AR P504L	protein	False	Not provided	False	unable to normalize	['Unable to translate AR P504L']
2738	KIT P577_D579DEL	protein	False	Not provided	False	unable to normalize	['Unable to tokenize: P577_D579DEL']
2474	VHL P59fs (c.176insAGCAdelTCCTGCGCT)	cdna_genomic	False	Not provided	False	unable to normalize	['Unable to tokenize: (c.176insAGCAdelTCCTGCGCT)']
2121	VHL P61fs (c.181delCCGT)	cdna_genomic	False	Not provided	False	unable to normalize	['Unable to translate VHL P61fs (c.181delCCGT)']
2014	VHL P61fs (c.183insC)	cdna_genomic	True	Not provided	False	unable to normalize	['Unable to tokenize: (c.183insC)']
2546	VHL P61fs Stop at 121(c.180_208del)	cdna_genomic	False	Not provided	False	unable to normalize	['Unable to tokenize: 121(c.180_208del)']
1955	VHL P71fs (c.211insT)	cdna_genomic	True	Not provided	False	unable to normalize	['Unable to tokenize: (c.211insT)']
3298	VHL P81S (c.241C>T) and L188V (c.562C>G)	cdna_genomic	True	Not provided	False	unable to normalize	['Unable to tokenize: and']
3199	VHL P97L (c.290C>T) and L116P (c.347T>C)	cdna_genomic	False	Not provided	False	unable to normalize	['Unable to tokenize: and']
4189	VHL Partial Deletion and P61=( c.183C>G)	cdna_genomic	False	Not provided	False	unable to normalize	['Unable to tokenize: Deletion', 'Unable to tokenize: P61=(', 'Unable to tokenize: Partial', 'Unable to tokenize: and', 'Unable to tokenize: c.183C>G)']
2443	VHL Q132Hfs*45 (c.343_395dup)	cdna_genomic	False	Not provided	False	unable to normalize	['Unable to tokenize: (c.343_395dup)', 'Unable to tokenize: Q132Hfs*45']
4212	VHL Q164H (c.492G>T) and c.340+574A>T	cdna_genomic	False	Not provided	False	unable to normalize	['Unable to tokenize: and', 'Unable to tokenize: c.340+574A>T']
2383	VHL Q203TfsX53 (c.606dupA)	cdna_genomic	False	Not provided	False	unable to normalize	['Unable to tokenize: (c.606dupA)', 'Unable to tokenize: Q203TfsX53']
1643	SCN8A Q225X	protein	False	Not provided	False	unable to normalize	['Unable to translate SCN8A Q225X']
2700	CBL Q294E	protein	False	Not provided	False	unable to normalize	['Unable to translate CBL Q294E']
1541	KIT Q556_I571DEL	protein	False	Inframe Deletion	False	unable to normalize	['Unable to tokenize: Q556_I571DEL']
2444	VHL Q73Pfs*59 (c.217dupC)	cdna_genomic	False	Not provided	False	unable to normalize	['Unable to tokenize: (c.217dupC)', 'Unable to tokenize: Q73Pfs*59']
2131	VHL Q73fs (c.214insGCCC)	cdna_genomic	True	Not provided	False	unable to normalize	['Unable to tokenize: (c.214insGCCC)']
3726	AR Q798E	protein	False	Not provided	False	unable to normalize	['Unable to translate AR Q798E']
2021	VHL R108dup (c.322_324dup)	cdna_genomic	True	Conservative Inframe Insertion	False	unable to normalize	['Unable to tokenize: (c.322_324dup)', 'Unable to tokenize: R108dup']
3633	VHL R108dup (c.322_324dupCGC)	cdna_genomic	False	Not provided	False	unable to normalize	['Unable to tokenize: (c.322_324dupCGC)', 'Unable to tokenize: R108dup']
2537	VHL R108fs (c.323delGC)	cdna_genomic	False	Not provided	False	unable to normalize	['Unable to translate VHL R108fs (c.323delGC)']
4096	VHL R161* (c.481C>T) AND R200fs (c.598del)	cdna_genomic	False	Not provided	False	unable to normalize	['Unable to tokenize: AND']
2273	VHL R161fs (c.481insC)	cdna_genomic	False	Not provided	False	unable to normalize	['Unable to tokenize: (c.481insC)']
4167	VHL R167Q (c.500G>A) and I151N (c.452T>A)	cdna_genomic	False	Not provided	False	unable to normalize	['Unable to tokenize: and']
4210	VHL R167Q(c.500G>A) and c.464-94T>A	cdna_genomic	False	Not provided	False	unable to normalize	['Unable to tokenize: R167Q(c.500G>A)', 'Unable to tokenize: and', 'Unable to tokenize: c.464-94T>A']
2486	VHL R167fs (c.501insTTGTCCGT)	cdna_genomic	False	Not provided	False	unable to normalize	['Unable to tokenize: (c.501insTTGTCCGT)']
1779	VHL R167fs (c.502insTTGTCCGT)	cdna_genomic	True	Not provided	False	unable to normalize	['Unable to tokenize: (c.502insTTGTCCGT)']
3191	VHL R177_L178ins6 (c.531_532ins18)	cdna_genomic	False	Not provided	False	unable to normalize	['Unable to tokenize: (c.531_532ins18)', 'Unable to tokenize: R177_L178ins6']
2181	VHL R177ins (c.531insCTGAGAGTAAAGCCTGAA)	cdna_genomic	True	Not provided	False	unable to normalize	['Unable to tokenize: (c.531insCTGAGAGTAAAGCCTGAA)', 'Unable to tokenize: R177ins']
3044	VHL R197_L198ins7(c.572_592dup)	cdna_genomic	False	Not provided	False	unable to normalize	['Unable to tokenize: R197_L198ins7(c.572_592dup)']
4190	VHL R200W (c.598C>T) and V130L (c.388G>C)	cdna_genomic	False	Not provided	False	unable to normalize	['Unable to tokenize: and']
4208	VHL R200W (c.598C>T) and c.340+694_340+711dup	cdna_genomic	False	Not provided	False	unable to normalize	['Unable to tokenize: and', 'Unable to tokenize: c.340+694_340+711dup']
3447	BRAF R461I	protein	False	Not provided	False	unable to normalize	['Unable to translate BRAF R461I']
4079	VHL R69Afs*63 (c.204dup)	cdna_genomic	False	Not provided	False	unable to normalize	['Unable to tokenize: (c.204dup)', 'Unable to tokenize: R69Afs*63']
1948	VHL R69fs (c.204insG)	cdna_genomic	True	Not provided	False	unable to normalize	['Unable to tokenize: (c.204insG)']
3716	AR R726L	protein	True	Not provided	False	unable to normalize	['Unable to translate AR R726L']
4968	TP53 R72P	protein	True	Not provided	False	unable to normalize	['Unable to translate TP53 R72P']
3013	VHL R82_V84del (c.243delGCGCGTCGT)	cdna_genomic	False	Not provided	False	unable to normalize	['Unable to translate VHL R82_V84del (c.243delGCGCGTCGT)']
2316	VHL S139fs (c.415insC)	cdna_genomic	False	Not provided	False	unable to normalize	['Unable to tokenize: (c.415insC)']
3674	NOTCH1 S2514A	protein	False	Not provided	False	unable to normalize	['Unable to translate NOTCH1 S2514A']
3676	NOTCH1 S2514E	protein	False	Not provided	False	unable to normalize	['Unable to translate NOTCH1 S2514E']
3677	NOTCH1 S2514P	protein	False	Not provided	False	unable to normalize	['Unable to translate NOTCH1 S2514P']
3709	AR S296R	protein	False	Not provided	False	unable to normalize	['Unable to translate AR S296R']
4231	VHL S43_E47dup (c.123_137dup)	cdna_genomic	False	Not provided	False	unable to normalize	['Unable to tokenize: (c.123_137dup)', 'Unable to tokenize: S43_E47dup']
1206	KIT S501_A502INSAY	protein	False	Inframe Insertion	False	unable to normalize	['Unable to tokenize: S501_A502INSAY']
3723	AR S759P	protein	False	Not provided	False	unable to normalize	['Unable to translate AR S759P']
4184	VHL S80N (c.239G>A) and P25L (c.74C>T)	cdna_genomic	False	Not provided	False	unable to normalize	['Unable to tokenize: and']
2518	VHL Splice Region (c.340 3_340 10delACGGGCCCinsCG)	cdna_genomic	False	Not provided	False	unable to normalize	['Unable to tokenize: (c.340', 'Unable to tokenize: 10delACGGGCCCinsCG)', 'Unable to tokenize: 3_340', 'Unable to tokenize: Region', 'Unable to tokenize: Splice']
4162	VHL Splice Region (c.340+1_340+5del)	cdna_genomic	False	Not provided	False	unable to normalize	['Unable to tokenize: (c.340+1_340+5del)', 'Unable to tokenize: Region', 'Unable to tokenize: Splice']
4226	VHL Splice Region (c.340+2T>C)	cdna_genomic	False	Not provided	False	unable to normalize	['Unable to tokenize: (c.340+2T>C)', 'Unable to tokenize: Region', 'Unable to tokenize: Splice']
2534	VHL Splice Region (c.340+3_340+10delinsCG)	cdna_genomic	False	Splice Donor Variant	False	unable to normalize	['Unable to tokenize: (c.340+3_340+10delinsCG)', 'Unable to tokenize: Region', 'Unable to tokenize: Splice']
2104	VHL Splice Region (c.340+5G>C)	cdna_genomic	True	Intron Variant	False	unable to normalize	['Unable to tokenize: (c.340+5G>C)', 'Unable to tokenize: Region', 'Unable to tokenize: Splice']
2461	VHL Splice Region (c.463+3A>C)	cdna_genomic	False	Not provided	False	unable to normalize	['Unable to tokenize: (c.463+3A>C)', 'Unable to tokenize: Region', 'Unable to tokenize: Splice']
2065	VHL Splice Region (c.463+3A>G)	cdna_genomic	False	Splice Donor Region Variant	False	unable to normalize	['Unable to tokenize: (c.463+3A>G)', 'Unable to tokenize: Region', 'Unable to tokenize: Splice']
2146	VHL Splice Region (c.463+3A>T)	cdna_genomic	False	Splice Donor Region Variant	False	unable to normalize	['Unable to tokenize: (c.463+3A>T)', 'Unable to tokenize: Region', 'Unable to tokenize: Splice']
2292	VHL Splice Region (c.463+8C>T)	cdna_genomic	True	Splicing Variant	False	unable to normalize	['Unable to tokenize: (c.463+8C>T)', 'Unable to tokenize: Region', 'Unable to tokenize: Splice']
3107	VHL Splice Region (c.464-3C>T)	cdna_genomic	False	Not provided	False	unable to normalize	['Unable to tokenize: (c.464-3C>T)', 'Unable to tokenize: Region', 'Unable to tokenize: Splice']
1681	JAK2 Splice Site (c.1641+2T>G)	cdna_genomic	True	Splice Donor Variant	False	unable to normalize	['Unable to tokenize: (c.1641+2T>G)', 'Unable to tokenize: Site', 'Unable to tokenize: Splice']
5091	NF1 Splice Site (c.1845+1G>A)	cdna_genomic	False	Not provided	False	unable to normalize	['Unable to tokenize: (c.1845+1G>A)', 'Unable to tokenize: Site', 'Unable to tokenize: Splice']
5090	NF1 Splice Site (c.205-1G>C)	cdna_genomic	False	Not provided	False	unable to normalize	['Unable to tokenize: (c.205-1G>C)', 'Unable to tokenize: Site', 'Unable to tokenize: Splice']
5123	NF1 Splice Site (c.2850+1G>A)	cdna_genomic	False	Not provided	False	unable to normalize	['Unable to tokenize: (c.2850+1G>A)', 'Unable to tokenize: Site', 'Unable to tokenize: Splice']
4540	MET Splice Site (c.2888-21_2888-20delinsGC)	cdna_genomic	False	Not provided	False	unable to normalize	['Unable to tokenize: (c.2888-21_2888-20delinsGC)', 'Unable to tokenize: Site', 'Unable to tokenize: Splice']
4539	MET Splice Site (c.2888_2919del)	cdna_genomic	False	Not provided	False	unable to normalize	['Unable to tokenize: Site', 'Unable to tokenize: Splice']
4538	MET Splice Site (c.2888_3028del)	cdna_genomic	False	Not provided	False	unable to normalize	['Unable to tokenize: Site', 'Unable to tokenize: Splice']
4521	MET Splice Site (c.3025_3028+5del)	cdna_genomic	False	Not provided	False	unable to normalize	['Unable to tokenize: (c.3025_3028+5del)', 'Unable to tokenize: Site', 'Unable to tokenize: Splice']
4642	MET Splice Site (c.3027_3028+21delAGGTATATTTCAGTTTATTGTTC	cdna_genomic	False	Not provided	False	unable to normalize	['Unable to tokenize: (c.3027_3028+21delAGGTATATTTCAGTTTATTGTTC', 'Unable to tokenize: Site', 'Unable to tokenize: Splice']
4374	MET Splice Site (c.3028+1G>T)	cdna_genomic	False	Splice Donor Variant	False	unable to normalize	['Unable to tokenize: (c.3028+1G>T)', 'Unable to tokenize: Site', 'Unable to tokenize: Splice']
4377	MET Splice Site (c.3028+2T>C)	cdna_genomic	False	Splice Donor Variant	False	unable to normalize	['Unable to tokenize: (c.3028+2T>C)', 'Unable to tokenize: Site', 'Unable to tokenize: Splice']
4544	MET Splice Site (c.3028+3A>G)	cdna_genomic	False	Not provided	False	unable to normalize	['Unable to tokenize: (c.3028+3A>G)', 'Unable to tokenize: Site', 'Unable to tokenize: Splice']
4386	MET Splice Site (c.3028G>A)	cdna_genomic	True	Splice Donor Variant	False	unable to normalize	['Unable to tokenize: Site', 'Unable to tokenize: Splice']
5132	NF1 Splice Site (c.3113+1G>A)	cdna_genomic	False	Not provided	False	unable to normalize	['Unable to tokenize: (c.3113+1G>A)', 'Unable to tokenize: Site', 'Unable to tokenize: Splice']
2114	VHL Splice Site (c.340+1G>A)	cdna_genomic	True	Splice Donor Variant	False	unable to normalize	['Unable to tokenize: (c.340+1G>A)', 'Unable to tokenize: Site', 'Unable to tokenize: Splice']
2074	VHL Splice Site (c.340+1G>T)	cdna_genomic	False	Splice Donor Variant	False	unable to normalize	['Unable to tokenize: (c.340+1G>T)', 'Unable to tokenize: Site', 'Unable to tokenize: Splice']
4086	VHL Splice Site (c.340+2_340+6del)	cdna_genomic	False	Not provided	False	unable to normalize	['Unable to tokenize: (c.340+2_340+6del)', 'Unable to tokenize: Site', 'Unable to tokenize: Splice']
4254	VHL Splice Site (c.340+563C>T)	cdna_genomic	False	Not provided	False	unable to normalize	['Unable to tokenize: (c.340+563C>T)', 'Unable to tokenize: Site', 'Unable to tokenize: Splice']
4255	VHL Splice Site (c.340+578C>T)	cdna_genomic	False	Not provided	False	unable to normalize	['Unable to tokenize: (c.340+578C>T)', 'Unable to tokenize: Site', 'Unable to tokenize: Splice']
4256	VHL Splice Site (c.340+617C>G)	cdna_genomic	False	Not provided	False	unable to normalize	['Unable to tokenize: (c.340+617C>G)', 'Unable to tokenize: Site', 'Unable to tokenize: Splice']
4257	VHL Splice Site (c.340+682T>C)	cdna_genomic	False	Not provided	False	unable to normalize	['Unable to tokenize: (c.340+682T>C)', 'Unable to tokenize: Site', 'Unable to tokenize: Splice']
4258	VHL Splice Site (c.340+725A>T)	cdna_genomic	False	Not provided	False	unable to normalize	['Unable to tokenize: (c.340+725A>T)', 'Unable to tokenize: Site', 'Unable to tokenize: Splice']
4259	VHL Splice Site (c.340+866C>A)	cdna_genomic	False	Not provided	False	unable to normalize	['Unable to tokenize: (c.340+866C>A)', 'Unable to tokenize: Site', 'Unable to tokenize: Splice']
2017	VHL Splice Site (c.341-1G>A)	cdna_genomic	False	Splice Acceptor Variant	False	unable to normalize	['Unable to tokenize: (c.341-1G>A)', 'Unable to tokenize: Site', 'Unable to tokenize: Splice']
2454	VHL Splice Site (c.341-1G>T)	cdna_genomic	False	Splice Acceptor Variant	False	unable to normalize	['Unable to tokenize: (c.341-1G>T)', 'Unable to tokenize: Site', 'Unable to tokenize: Splice']
2133	VHL Splice Site (c.341-2A>C)	cdna_genomic	True	Splice Acceptor Variant	False	unable to normalize	['Unable to tokenize: (c.341-2A>C)', 'Unable to tokenize: Site', 'Unable to tokenize: Splice']
2504	VHL Splice Site (c.341-2A>G)	cdna_genomic	False	Not provided	False	unable to normalize	['Unable to tokenize: (c.341-2A>G)', 'Unable to tokenize: Site', 'Unable to tokenize: Splice']
4243	VHL Splice Site (c.341-3T>G)	cdna_genomic	False	Not provided	False	unable to normalize	['Unable to tokenize: (c.341-3T>G)', 'Unable to tokenize: Site', 'Unable to tokenize: Splice']
3436	VHL Splice Site (c.341-6C>T)	cdna_genomic	False	Not provided	False	unable to normalize	['Unable to tokenize: (c.341-6C>T)', 'Unable to tokenize: Site', 'Unable to tokenize: Splice']
5125	NF1 Splice Site (c.3871-1G>C)	cdna_genomic	False	Not provided	False	unable to normalize	['Unable to tokenize: (c.3871-1G>C)', 'Unable to tokenize: Site', 'Unable to tokenize: Splice']
5126	NF1 Splice Site (c.4110+1G>T)	cdna_genomic	False	Not provided	False	unable to normalize	['Unable to tokenize: (c.4110+1G>T)', 'Unable to tokenize: Site', 'Unable to tokenize: Splice']
1972	VHL Splice Site (c.463+1G>A)	cdna_genomic	False	Splice Donor Variant	False	unable to normalize	['Unable to tokenize: (c.463+1G>A)', 'Unable to tokenize: Site', 'Unable to tokenize: Splice']
1998	VHL Splice Site (c.463+1G>C)	cdna_genomic	True	Splice Donor Variant	False	unable to normalize	['Unable to tokenize: (c.463+1G>C)', 'Unable to tokenize: Site', 'Unable to tokenize: Splice']
2048	VHL Splice Site (c.463+1G>T)	cdna_genomic	False	Splice Donor Variant	False	unable to normalize	['Unable to tokenize: (c.463+1G>T)', 'Unable to tokenize: Site', 'Unable to tokenize: Splice']
2075	VHL Splice Site (c.463+2T>C)	cdna_genomic	True	Splice Donor Variant	False	unable to normalize	['Unable to tokenize: (c.463+2T>C)', 'Unable to tokenize: Site', 'Unable to tokenize: Splice']
1974	VHL Splice Site (c.464-1G>A)	cdna_genomic	True	Splice Acceptor Variant	False	unable to normalize	['Unable to tokenize: (c.464-1G>A)', 'Unable to tokenize: Site', 'Unable to tokenize: Splice']
2077	VHL Splice Site (c.464-1G>C)	cdna_genomic	True	Splice Acceptor Variant	False	unable to normalize	['Unable to tokenize: (c.464-1G>C)', 'Unable to tokenize: Site', 'Unable to tokenize: Splice']
1990	VHL Splice Site (c.464-1G>T)	cdna_genomic	True	Splice Acceptor Variant	False	unable to normalize	['Unable to tokenize: (c.464-1G>T)', 'Unable to tokenize: Site', 'Unable to tokenize: Splice']
2093	VHL Splice Site (c.464-2A>C)	cdna_genomic	False	Splice Acceptor Variant	False	unable to normalize	['Unable to tokenize: (c.464-2A>C)', 'Unable to tokenize: Site', 'Unable to tokenize: Splice']
2078	VHL Splice Site (c.464-2A>G)	cdna_genomic	True	Splice Acceptor Variant	False	unable to normalize	['Unable to tokenize: (c.464-2A>G)', 'Unable to tokenize: Site', 'Unable to tokenize: Splice']
1992	VHL Splice Site (c.464-2A>T)	cdna_genomic	True	Splice Acceptor Variant	False	unable to normalize	['Unable to tokenize: (c.464-2A>T)', 'Unable to tokenize: Site', 'Unable to tokenize: Splice']
5094	NF1 Splice Site (c.654+2T>A)	cdna_genomic	False	Not provided	False	unable to normalize	['Unable to tokenize: (c.654+2T>A)', 'Unable to tokenize: Site', 'Unable to tokenize: Splice']
3370	VHL Splice site (c.463+2A>C)	cdna_genomic	False	Not provided	False	unable to normalize	['Unable to tokenize: (c.463+2A>C)', 'Unable to tokenize: Splice', 'Unable to tokenize: site']
3150	VHL T100Nfs*32 (c.298dupA)	cdna_genomic	False	Not provided	False	unable to normalize	['Unable to tokenize: (c.298dupA)', 'Unable to tokenize: T100Nfs*32']
2471	VHL T104fs (c.313_315delC)	cdna_genomic	False	Not provided	False	unable to normalize	['Unable to translate VHL T104fs (c.313_315delC)']
3738	VHL T133Nfs*2 (c.397dup)	cdna_genomic	False	Not provided	False	unable to normalize	['Unable to tokenize: (c.397dup)', 'Unable to tokenize: T133Nfs*2']
2091	VHL T152fs (c.455insA)	cdna_genomic	True	Not provided	False	unable to normalize	['Unable to tokenize: (c.455insA)']
2092	VHL T157fs (c.472ins)	cdna_genomic	True	Not provided	False	unable to normalize	['Unable to tokenize: (c.472ins)']
2142	VHL T202fs (c.606insA)	cdna_genomic	True	Not provided	False	unable to normalize	['Unable to tokenize: (c.606insA)']
3675	NOTCH1 T2512A	protein	False	Not provided	False	unable to normalize	['Unable to translate NOTCH1 T2512A']
1546	KIT T417_D419DELTYDINSI	protein	False	Not provided	False	unable to normalize	['Unable to tokenize: T417_D419DELTYDINSI']
3445	BRAF T598I	protein	False	Not provided	False	unable to normalize	['Unable to translate BRAF T598I']
3366	VHL V130Wfs*30 (c.385_386dup)	cdna_genomic	False	Not provided	False	unable to normalize	['Unable to tokenize: (c.385_386dup)', 'Unable to tokenize: V130Wfs*30']
2624	TP53 V135A	protein	False	Not provided	False	unable to normalize	['Unable to translate TP53 V135A']
1543	KIT V555_I571DEL	protein	False	Inframe Deletion	False	unable to normalize	['Unable to tokenize: V555_I571DEL']
957	KIT V555_P573DEL	protein	False	Inframe Deletion	False	unable to normalize	['Unable to tokenize: V555_P573DEL']
956	KIT V555_Q556DEL	protein	False	Inframe Deletion	False	unable to normalize	['Unable to tokenize: V555_Q556DEL']
2695	KIT V555_V559DEL	protein	True	Not provided	False	unable to normalize	['Unable to tokenize: V555_V559DEL']
967	KIT V559_V560DEL	protein	False	Inframe Deletion	False	unable to normalize	['Unable to tokenize: V559_V560DEL']
1550	KIT V560_L576DEL	protein	True	Inframe Deletion	False	unable to normalize	['Unable to tokenize: V560_L576DEL']
1551	KIT V569_L576DEL	protein	False	Inframe Deletion	False	unable to normalize	['Unable to tokenize: V569_L576DEL']
1632	FLT3 V592_D593INSDFREY	protein	False	Not provided	False	unable to normalize	['Unable to tokenize: V592_D593INSDFREY']
3446	BRAF V599E	protein	False	Not provided	False	unable to normalize	['Unable to translate BRAF V599E']
3453	BRAF V599K	protein	False	Not provided	False	unable to normalize	['Unable to translate BRAF V599K']
3454	BRAF V599R	protein	False	Not provided	False	unable to normalize	['Unable to translate BRAF V599R']
1658	BRAF V600_K601DELINSD	protein	False	Inframe Deletion	False	unable to normalize	['Unable to tokenize: V600_K601DELINSD']
2825	BRAF V601E	protein	False	Not provided	False	unable to normalize	['Unable to translate BRAF V601E']
2509	VHL V62Efs*71 (c.185_193delTGCTGCGCTinsAGCA)	cdna_genomic	False	Not provided	False	unable to normalize	['Unable to tokenize: (c.185_193delTGCTGCGCTinsAGCA)', 'Unable to tokenize: V62Efs*71']
3721	AR V757A	protein	False	Not provided	False	unable to normalize	['Unable to translate AR V757A']
3722	AR V757I	protein	False	Not provided	False	unable to normalize	['Unable to translate AR V757I']
4179	VHL V87Gfs*71(c.260_263del) and P81S(c.241C>T)	cdna_genomic	False	Not provided	False	unable to normalize	['Unable to tokenize: P81S(c.241C>T)', 'Unable to tokenize: V87Gfs*71(c.260_263del)', 'Unable to tokenize: and']
2470	VHL W117C (c.351G>X)	cdna_genomic	False	Not provided	False	unable to normalize	['Unable to tokenize: (c.351G>X)']
2027	VHL W117fs (c.349dup)	cdna_genomic	True	Plus 1 Frameshift Variant;Frameshift Truncation	False	unable to normalize	['Unable to tokenize: (c.349dup)']
3634	VHL W117fs (c.349dupT)	cdna_genomic	False	Not provided	False	unable to normalize	['Unable to tokenize: (c.349dupT)']
1539	PDGFRA W559_R560DELWR	protein	False	Inframe Deletion	False	unable to normalize	['Unable to tokenize: W559_R560DELWR']
2039	VHL W88FS (c.263_265delGGCinsTT)	cdna_genomic	True	Frameshift Variant;Delins	False	unable to normalize	['Unable to tokenize: (c.263_265delGGCinsTT)']
2299	VHL W88fs (c.261dup)	cdna_genomic	True	Plus 1 Frameshift Variant;Frameshift Truncation	False	unable to normalize	['Unable to tokenize: (c.261dup)']
2818	VHL Y112C (c.355A>G)	cdna_genomic	False	Missense Variant	False	unable to normalize	['Unable to translate VHL Y112C (c.355A>G)']
953	KIT Y553_K558DEL	protein	False	Inframe Deletion	False	unable to normalize	['Unable to tokenize: Y553_K558DEL']
1542	KIT Y553_W557DELYEVQW	protein	False	Inframe Deletion	False	unable to normalize	['Unable to tokenize: Y553_W557DELYEVQW']
1548	KIT Y570_L576DEL	protein	False	Inframe Deletion	False	unable to normalize	['Unable to tokenize: Y570_L576DEL']
1630	FLT3 Y591_V592INSVDFREYE	protein	False	Not provided	False	unable to normalize	['Unable to tokenize: Y591_V592INSVDFREYE']
3724	AR Y763C	protein	False	Not provided	False	unable to normalize	['Unable to translate AR Y763C']
3352	VHL Y98Afs(c.282_291dup)	cdna_genomic	False	Not provided	False	unable to normalize	['Unable to tokenize: Y98Afs(c.282_291dup)']
852	VHL Y98FS (c.291_310del20)	cdna_genomic	True	Frameshift Truncation	False	unable to normalize	['Unable to tokenize: (c.291_310del20)']
3022	VHL c.*294G>A	cdna_genomic	False	3 Prime UTR Variant	False	unable to normalize	['Unable to tokenize: c.*294G>A']
4466	TERT c.-124C.T	cdna_genomic	False	Not provided	False	unable to normalize	['Unable to tokenize: c.-124C.T']
3021	VHL c.-195G>A	cdna_genomic	False	Not provided	False	unable to normalize	['Unable to tokenize: c.-195G>A']
2634	VHL c.-61_-51dup11	cdna_genomic	False	Not provided	False	unable to normalize	['Unable to tokenize: c.-61_-51dup11']
3174	VHL c.-65_-55dup11	cdna_genomic	False	Not provided	False	unable to normalize	['Unable to tokenize: c.-65_-55dup11']
2633	VHL c.-77_-32del	cdna_genomic	False	Not provided	False	unable to normalize	['Unable to tokenize: c.-77_-32del']
2373	VHL c.128-?_250+?	cdna_genomic	True	Not provided	False	unable to normalize	['Unable to tokenize: c.128-?_250+?']
3727	FLCN c.1285dupC	cdna_genomic	True	Not provided	False	unable to normalize	['Unable to tokenize: c.1285dupC']
2884	CDKN2A c.151-1G>C	cdna_genomic	True	Not provided	False	unable to normalize	['Unable to tokenize: c.151-1G>C']
615	JAK2 c.1641+1dup	cdna_genomic	True	Not provided	False	unable to normalize	['Unable to tokenize: c.1641+1dup']
4581	ND1 c.1971T>G	cdna_genomic	False	Not provided	False	unable to normalize	['Unable to translate ND1 c.1971T>G']
3404	PTEN c.209+5G>A	cdna_genomic	False	Not provided	False	unable to normalize	['Unable to tokenize: c.209+5G>A']
2374	VHL c.251-?_429+?	cdna_genomic	False	Not provided	False	unable to normalize	['Unable to tokenize: c.251-?_429+?']
4151	VHL c.329ins2	cdna_genomic	False	Not provided	False	unable to normalize	['Unable to tokenize: c.329ins2']
4228	VHL c.340+384G>C	cdna_genomic	False	Not provided	False	unable to normalize	['Unable to tokenize: c.340+384G>C']
4213	VHL c.340+617C>G and c.340+648T>C	cdna_genomic	False	Not provided	False	unable to normalize	['Unable to tokenize: and', 'Unable to tokenize: c.340+617C>G', 'Unable to tokenize: c.340+648T>C']
3041	VHL c.340+770T>C	cdna_genomic	False	Not provided	False	unable to normalize	['Unable to tokenize: c.340+770T>C']
4178	VHL c.340+770T>C and R200W (c.598C>T)	cdna_genomic	False	Not provided	False	unable to normalize	['Unable to tokenize: and', 'Unable to tokenize: c.340+770T>C']
3161	VHL c.340+7G>A	cdna_genomic	False	Not provided	False	unable to normalize	['Unable to tokenize: c.340+7G>A']
2435	VHL c.341-59_341-14del	cdna_genomic	True	Not provided	False	unable to normalize	['Unable to tokenize: c.341-59_341-14del']
4197	VHL c.341-59_341-14del AND F136fs (c.408delT)	cdna_genomic	False	Not provided	False	unable to normalize	['Unable to tokenize: AND', 'Unable to tokenize: c.341-59_341-14del']
4152	VHL c.358ins2	cdna_genomic	False	Not provided	False	unable to normalize	['Unable to tokenize: c.358ins2']
3365	VHL c.463+37_463+39del	cdna_genomic	False	Not provided	False	unable to normalize	['Unable to tokenize: c.463+37_463+39del']
3159	VHL c.463+43A>G	cdna_genomic	False	Not provided	False	unable to normalize	['Unable to tokenize: c.463+43A>G']
4173	VHL c.502ins8bp	cdna_genomic	False	Not provided	False	unable to normalize	['Unable to tokenize: c.502ins8bp']
2507	VHL c.516_517dupGTCAAGCCT and c.532_542delCTGGACATCGTinsATTA	cdna_genomic	False	Not provided	False	unable to normalize	['Unable to tokenize: and', 'Unable to tokenize: c.516_517dupGTCAAGCCT', 'Unable to tokenize: c.532_542delCTGGACATCGTinsATTA']
4556	EPCAM c.556‐490_*8438del	cdna_genomic	False	Not provided	False	unable to normalize	['Unable to tokenize: c.556‐490_*8438del']
4157	VHL c.563ins20	cdna_genomic	False	Not provided	False	unable to normalize	['Unable to tokenize: c.563ins20']
3047	VHL c.56_57DupInvCGGGAGGC	cdna_genomic	False	Not provided	False	unable to normalize	['Unable to tokenize: c.56_57DupInvCGGGAGGC']
3050	ATM c.7089+1del	cdna_genomic	True	Not provided	False	unable to normalize	['Unable to tokenize: c.7089+1del']
3051	ATM c.7515+1_2del	cdna_genomic	True	Not provided	False	unable to normalize	['Unable to tokenize: c.7515+1_2del']
731	MLH1 c.790+1G>A	cdna_genomic	True	Splice Donor Variant	False	unable to normalize	['Unable to tokenize: c.790+1G>A']
3049	ATM c.902-1G>T	cdna_genomic	True	Not provided	False	unable to normalize	['Unable to tokenize: c.902-1G>T']
3101	VHL c.–65_–55dup11	cdna_genomic	False	Not provided	False	unable to normalize	['Unable to tokenize: c.–65_–55dup11']
4191	VHL c.–65_–55dup11 AND  3' UTR alteration (c.*1149A>G)	cdna_genomic	False	Not provided	False	unable to normalize	"['Unable to tokenize: (c.*1149A>G)', ""Unable to tokenize: 3'"", 'Unable to tokenize: AND', 'Unable to tokenize: alteration', 'Unable to tokenize: c.–65_–55dup11']"
2431	VHL c.−213− ?_463 ?del	cdna_genomic	True	Not provided	False	unable to normalize	['Unable to tokenize: ?_463', 'Unable to tokenize: ?del', 'Unable to tokenize: c.−213−']
5189	BRAF delL485_P490insY	protein	False	Not provided	False	unable to normalize	['Unable to tokenize: delL485_P490insY']
4777	HNRNPH1 non-coding mutations	protein	False	Not provided	False	unable to normalize	['Unable to tokenize: mutations', 'Unable to tokenize: non-coding']
2411	SDHB p.193_196dupSTSC (c.577_588dupAGCACCAGCTGC)	cdna_genomic	True	Inframe Insertion	False	unable to normalize	['Unable to tokenize: (c.577_588dupAGCACCAGCTGC)', 'Unable to tokenize: p.193_196dupSTSC']
4247	VHL p.L159Es*15 (c.473dup)	cdna_genomic	False	Not provided	False	unable to normalize	['Unable to tokenize: (c.473dup)', 'Unable to tokenize: p.L159Es*15']
151	BCL2 reg_e@[IGH]::BCL2	protein	True	Transcript Regulatory Region Fusion	False	unable to normalize	['Unable to tokenize: reg_e@[IGH]::BCL2']
